id,first_name,last_name,username,password,email,phone,address
1,Galven,Steddall,gsteddall0,XXJFb8ZrUl8c,gsteddall0@redcross.org,464-618-1617,24 Haas Circle
2,Gradeigh,Gritsunov,ggritsunov1,0ZXv6IS,ggritsunov1@deliciousdays.com,380-782-1982,43 Mendota Pass
3,Stanly,Bruyet,sbruyet2,Gt8D46svs9,sbruyet2@soup.io,878-682-6927,96 Packers Lane
4,Luther,Fleckness,lfleckness3,aVnTdMljQUZd,lfleckness3@time.com,325-465-5346,8 Continental Plaza
5,Smitty,Blight,sblight4,YtOVGRO2uyfn,sblight4@123-reg.co.uk,840-948-8688,625 Golf Course Park
6,Bradley,Rust,brust5,jmrsjdMTj,brust5@toplist.cz,407-801-3492,0 Miller Crossing
7,Ahmed,Saggs,asaggs6,xJ7pbWl4WV5,asaggs6@hubpages.com,129-697-4192,64347 Roth Alley
8,Tamarra,Mower,tmower7,Hbmkdat6,tmower7@about.me,510-275-8378,6 Quincy Plaza
9,Wittie,Glanister,wglanister8,oRWTz3i0KPwq,wglanister8@gov.uk,585-653-1096,66 Wayridge Pass
10,Ulick,Stilliard,ustilliard9,QB3FS5ifPW,ustilliard9@wired.com,720-992-3262,34 Petterle Pass
11,Marleah,Hamby,mhambya,PpsbwxZiUa,mhambya@ask.com,299-578-8393,359 Tennyson Junction
12,Deedee,Beare,dbeareb,lVtJvS1iv,dbeareb@china.com.cn,606-451-1991,3 Norway Maple Park
13,Kiersten,Bendare,kbendarec,SbBkMU,kbendarec@yahoo.co.jp,172-180-2898,13071 West Drive
14,Merrick,Arlott,marlottd,7vOl7KNeUYw,marlottd@usatoday.com,134-628-1614,646 Hermina Road
15,Isidor,Philipet,iphilipete,7K7Bg5,iphilipete@mlb.com,224-405-5020,63 Lakewood Gardens Street
16,Garek,Tolotti,gtolottif,6U0Hd3sG2S6F,gtolottif@usa.gov,706-454-0843,93455 Sachs Place
17,Jerrylee,Kenward,jkenwardg,1bvUfQ1HAN,jkenwardg@forbes.com,102-596-9187,68034 Anniversary Pass
18,Boony,Treversh,btrevershh,4WBLUeq,btrevershh@mashable.com,845-476-5916,3667 Elmside Hill
19,Ortensia,Kettoe,okettoei,oPepyqiC905B,okettoei@ehow.com,602-561-6741,72 Basil Crossing
20,Anitra,Willimot,awillimotj,3QcAPBObrB6p,awillimotj@biblegateway.com,393-870-3317,03579 Sutteridge Drive
21,Lorna,Wynrahame,lwynrahamek,hEEPGnh28o,lwynrahamek@chron.com,171-991-3255,31 Charing Cross Street
22,Sydney,Krysztowczyk,skrysztowczykl,AIcEEIQOv3er,skrysztowczykl@cisco.com,849-116-7985,8 Kings Circle
23,Julian,Dussy,jdussym,z2MLLFCQ,jdussym@twitpic.com,258-940-6855,0 Coolidge Drive
24,Grata,Piscopiello,gpiscopiellon,39Qzr4SH,gpiscopiellon@cloudflare.com,966-632-9087,520 Iowa Crossing
25,Chandra,Roskrug,croskrugo,v17uF68LvTd,croskrugo@howstuffworks.com,740-566-1696,977 Vermont Center
26,Abel,Galbreath,agalbreathp,UmkCHw,agalbreathp@friendfeed.com,769-195-8482,5 Corscot Park
27,Krisha,Rowbrey,krowbreyq,H6S6BBzrAx7,krowbreyq@sohu.com,520-484-0245,4 Gulseth Way
28,Millard,O'Halleghane,mohalleghaner,s4n7SLvDTQ,mohalleghaner@blog.com,814-545-9424,1423 Leroy Circle
29,Kellina,Ryott,kryotts,tupUJlkPJ,kryotts@wordpress.org,524-753-3454,4 Goodland Court
30,Christye,Naulty,cnaultyt,AevL9JDl40zA,cnaultyt@adobe.com,331-258-0897,5 Talmadge Road
31,Errick,Littlechild,elittlechildu,sUej8qqFzC,elittlechildu@msn.com,429-273-3641,6 Fieldstone Lane
32,Bernelle,Bucke,bbuckev,9OdHNcaG9TY,bbuckev@ning.com,802-421-4592,005 Farmco Park
33,Tadio,McArd,tmcardw,2xhP4DOK,tmcardw@exblog.jp,488-198-5538,49112 Oriole Trail
34,Sacha,Coey,scoeyx,dc0oeBtRSotC,scoeyx@xinhuanet.com,739-262-6186,98506 Longview Hill
35,Shanda,Broadbere,sbroadberey,X9U4EEL8ea7a,sbroadberey@parallels.com,856-453-8028,662 Spohn Court
36,Merry,Hourigan,mhouriganz,5NvFAmNFOm,mhouriganz@netvibes.com,223-818-3524,9 Weeping Birch Avenue
37,Shirleen,Woolam,swoolam10,JTIpKAC,swoolam10@berkeley.edu,457-845-0402,4 Florence Parkway
38,Giffer,McGeaney,gmcgeaney11,iPHRbe,gmcgeaney11@google.com,683-976-4116,0 Prentice Way
39,Elane,Wilfling,ewilfling12,wlsucRfSWyz,ewilfling12@nymag.com,432-198-8199,764 Sycamore Street
40,Arabel,Durnford,adurnford13,z4yGQ1,adurnford13@opensource.org,572-919-1534,29926 Elka Terrace
41,Melamie,Scoggan,mscoggan14,cim7m0Y9z,mscoggan14@opera.com,862-919-6583,27 Dayton Plaza
42,Daniella,Leads,dleads15,zGjdfilHQFBt,dleads15@adobe.com,360-915-3643,38 Meadow Vale Park
43,Allianora,Cottell,acottell16,xkE3SgQJ,acottell16@businessweek.com,313-459-1833,1236 Namekagon Park
44,Natasha,Pidcock,npidcock17,2smPOnLK,npidcock17@wikimedia.org,264-653-7188,412 Spohn Trail
45,Haleigh,Pawlata,hpawlata18,hsabfFns,hpawlata18@unc.edu,789-581-4989,3626 Tomscot Trail
46,Vita,Aveline,vaveline19,qJ5NOJ,vaveline19@dagondesign.com,829-949-1714,673 Mendota Lane
47,Sauveur,Klimaszewski,sklimaszewski1a,5ijQIzZv,sklimaszewski1a@dion.ne.jp,690-716-6619,037 Blaine Plaza
48,L;urette,Stapforth,lstapforth1b,9hUwtbB0,lstapforth1b@creativecommons.org,600-938-2741,52948 Eagle Crest Junction
49,Rae,Olifaunt,rolifaunt1c,26j9fuMw3f6,rolifaunt1c@ameblo.jp,557-510-1945,53 Division Parkway
50,Christen,Balden,cbalden1d,cb9tRoZbE,cbalden1d@nps.gov,361-677-5937,70300 Hudson Parkway
51,Fredra,Loton,floton1e,XRlzwh7,floton1e@ovh.net,919-123-2688,412 Independence Point
52,Irina,Sheldrake,isheldrake1f,bSYi0bcIj,isheldrake1f@fastcompany.com,881-653-0472,6 Warrior Alley
53,Jamima,Blackesland,jblackesland1g,8uSPzUtWv,jblackesland1g@sbwire.com,586-390-3616,8 Sauthoff Way
54,Rey,Sharples,rsharples1h,DIUGmGEPOT,rsharples1h@prlog.org,872-754-6014,9937 Ilene Point
55,Blinny,Collingridge,bcollingridge1i,AjJFdiHgk3,bcollingridge1i@scientificamerican.com,932-150-6562,998 1st Place
56,Melly,Quirke,mquirke1j,sYoniQ2,mquirke1j@microsoft.com,544-620-7829,43484 Maple Wood Crossing
57,Nanice,Rouff,nrouff1k,JsJhqtD,nrouff1k@blog.com,714-771-9906,01790 Crest Line Lane
58,Rochester,Cursons,rcursons1l,iqh58S6H,rcursons1l@tripadvisor.com,334-122-5036,7 Center Alley
59,Dion,Canadine,dcanadine1m,e1j3iNNa,dcanadine1m@shareasale.com,940-766-1910,449 Brentwood Hill
60,Frasier,Possel,fpossel1n,4YCrjVepN,fpossel1n@economist.com,216-858-2516,34 Stuart Lane
61,Almire,Dyshart,adyshart1o,BSG2tkkiw6oJ,adyshart1o@mayoclinic.com,785-511-7929,04113 Sunbrook Road
62,Tricia,Magson,tmagson1p,NYyYPWzt,tmagson1p@is.gd,872-333-7190,64 Killdeer Pass
63,Larine,Samudio,lsamudio1q,rFWwCwDoVYKy,lsamudio1q@ucsd.edu,650-880-2648,20455 East Crossing
64,Devora,Niemiec,dniemiec1r,4AiAU3kxVC,dniemiec1r@nhs.uk,649-946-7801,74 Bluestem Junction
65,Kimbell,Habbin,khabbin1s,t7A3OIs,khabbin1s@miitbeian.gov.cn,534-269-6202,137 Autumn Leaf Center
66,Christopher,Onslow,conslow1t,8vi0MuwtF4e,conslow1t@illinois.edu,319-881-3869,90589 Stang Hill
67,Miriam,Lawleff,mlawleff1u,Sj9Vnvvv6D17,mlawleff1u@slate.com,485-371-8880,48266 Becker Trail
68,Claudelle,Roast,croast1v,BsoNfzG8K03,croast1v@ustream.tv,412-872-5698,4770 Dennis Hill
69,Lorilee,Keling,lkeling1w,dLu9wSBf,lkeling1w@barnesandnoble.com,840-649-5391,54568 Oakridge Plaza
70,Isaiah,Read,iread1x,U7O6NSKodb,iread1x@java.com,730-688-7108,95 Aberg Hill
71,Kayley,MacGorley,kmacgorley1y,iZzq9weOVRk,kmacgorley1y@netscape.com,949-764-1479,3643 Thackeray Way
72,Giovanni,Huxtable,ghuxtable1z,GaY7kG,ghuxtable1z@bloglovin.com,606-420-6464,159 Crowley Court
73,Aldis,Mulholland,amulholland20,Gx31dIiF,amulholland20@google.com.hk,787-731-2374,689 Almo Point
74,Fidelia,Emlen,femlen21,vJ6XwE6t,femlen21@1und1.de,931-250-5673,27911 Warner Plaza
75,Clerissa,Ugolini,cugolini22,PEIfsresnv,cugolini22@amazon.co.uk,529-680-7876,146 Oakridge Place
76,Evelyn,Peirone,epeirone23,LbKSO31g,epeirone23@earthlink.net,873-477-1965,7 Porter Circle
77,Jedidiah,Rosas,jrosas24,IwKRRIgc,jrosas24@mozilla.org,560-135-7809,38347 Canary Plaza
78,Maggee,Cazereau,mcazereau25,GHyQvW,mcazereau25@sun.com,312-649-4816,203 Helena Street
79,Alberik,MacDowal,amacdowal26,q6f4rPZGR,amacdowal26@rakuten.co.jp,626-629-8938,0 Helena Parkway
80,Samaria,Sapp,ssapp27,uv7OlyHQ,ssapp27@biblegateway.com,535-686-0729,695 Bowman Center
81,Meir,Beston,mbeston28,GBCK3bnNZ7,mbeston28@answers.com,412-296-8072,90463 Buhler Road
82,Karlan,Slayny,kslayny29,Ax0mHyM,kslayny29@soundcloud.com,767-646-7875,720 Acker Crossing
83,Bettye,Chainey,bchainey2a,IidICB,bchainey2a@istockphoto.com,948-683-9327,652 Pierstorff Parkway
84,Malinde,Ventam,mventam2b,YA6zWZvo6SR5,mventam2b@webmd.com,916-376-8194,9570 Scofield Center
85,Donal,Bamell,dbamell2c,3jThhvlOwSF,dbamell2c@google.com.au,704-423-6315,6108 Cherokee Place
86,Sheryl,Pullin,spullin2d,dd5N1wxZkXKY,spullin2d@sbwire.com,133-102-9849,595 Surrey Court
87,Nelson,Guerri,nguerri2e,yZhNGHMOqlT,nguerri2e@facebook.com,873-389-8918,022 Loftsgordon Hill
88,Idell,Gosling,igosling2f,JdtL732sT,igosling2f@senate.gov,284-433-0103,430 Sutteridge Lane
89,Wernher,Niezen,wniezen2g,ZWJBkz,wniezen2g@ifeng.com,203-230-7915,25380 Becker Way
90,Elisha,Wassung,ewassung2h,o0EUV3,ewassung2h@cyberchimps.com,545-312-0857,733 Leroy Avenue
91,Dionis,Deftie,ddeftie2i,ZFkojre1,ddeftie2i@addthis.com,413-894-1715,9953 Bashford Terrace
92,Brit,Aronovitz,baronovitz2j,vxI3azYL,baronovitz2j@shop-pro.jp,836-312-1670,11 Grover Circle
93,Aubree,Bestwerthick,abestwerthick2k,yMhftLOapkF2,abestwerthick2k@csmonitor.com,830-497-1251,2 1st Way
94,Friedrick,Erdis,ferdis2l,3xwmT41,ferdis2l@amazon.co.jp,255-252-4814,6201 Vidon Hill
95,Kellby,Braywood,kbraywood2m,qgG4epx5it,kbraywood2m@github.com,724-951-1278,514 Morrow Center
96,Laurel,Le - Count,llecount2n,WDBs1ON,llecount2n@vistaprint.com,333-524-0178,6935 Vahlen Lane
97,Lindi,Shellcross,lshellcross2o,R9bw5KCV,lshellcross2o@lycos.com,433-612-4365,225 Chive Circle
98,Marybelle,Pritchard,mpritchard2p,zM2JXG,mpritchard2p@usnews.com,494-287-6955,260 Rutledge Parkway
99,Gothart,Crisall,gcrisall2q,PR1JIGXLapKw,gcrisall2q@ihg.com,207-889-8504,474 Westerfield Trail
100,Ewell,Ducker,educker2r,BjfMgSgOC4,educker2r@csmonitor.com,969-918-8787,24157 Barby Hill
101,Cari,Lathey,clathey2s,xpSuPUl1Xn6x,clathey2s@xing.com,997-853-2169,548 Hoffman Center
102,Harrie,Oakman,hoakman2t,uJEPgM,hoakman2t@uiuc.edu,456-641-9286,3 Kim Park
103,Didi,MacCaughan,dmaccaughan2u,5dPB5ZDmgCL,dmaccaughan2u@bloomberg.com,784-295-0472,3035 Springs Place
104,Karin,Domenichelli,kdomenichelli2v,V4s2MYRDxz,kdomenichelli2v@bbb.org,715-192-2068,5409 Old Gate Hill
105,Rosette,Bemwell,rbemwell2w,MN2GTUiN21,rbemwell2w@devhub.com,882-457-8861,97163 Orin Court
106,Joleen,Grewes,jgrewes2x,HQTtKIN7m,jgrewes2x@narod.ru,201-312-7525,745 Waxwing Terrace
107,Cherilynn,Wheble,cwheble2y,UNY4ob9,cwheble2y@house.gov,294-183-2340,8 Golden Leaf Pass
108,Max,Kennaway,mkennaway2z,yd81NMDiGPTV,mkennaway2z@rediff.com,767-914-8588,84 Gulseth Drive
109,Wendell,Faircliff,wfaircliff30,U7f7jHLR,wfaircliff30@nhs.uk,236-562-0338,03230 Lakeland Terrace
110,Hilton,Elstow,helstow31,wSBnC77,helstow31@fotki.com,969-260-8955,14 Reindahl Trail
111,Gabriella,Robley,grobley32,Frx6AM,grobley32@disqus.com,230-905-8456,63 Autumn Leaf Drive
112,Marrilee,Goracci,mgoracci33,7Oubx6RqC,mgoracci33@surveymonkey.com,643-107-4076,3007 Banding Lane
113,Denney,Balke,dbalke34,rTkeVn,dbalke34@biblegateway.com,604-533-0072,808 Maryland Circle
114,Alf,Gehrels,agehrels35,4DjW4c6lhl0,agehrels35@e-recht24.de,885-708-0511,19 Holy Cross Court
115,Shell,Conklin,sconklin36,SlRxF8XLeRx,sconklin36@yellowpages.com,211-840-2361,3 Little Fleur Point
116,Adah,Lammerts,alammerts37,C3Hor9Uc4,alammerts37@uol.com.br,176-991-4288,78 Del Sol Alley
117,Rodger,Farrow,rfarrow38,16mdKz,rfarrow38@sciencedirect.com,853-950-4023,65451 Dayton Crossing
118,Dareen,McOwen,dmcowen39,Wb0r1sYHPq6R,dmcowen39@theglobeandmail.com,636-439-0189,78 Larry Drive
119,Cody,Ferie,cferie3a,3fP2j6,cferie3a@feedburner.com,270-231-7852,614 Hoard Way
120,Saidee,Lardeur,slardeur3b,H8D7uab11,slardeur3b@reuters.com,443-890-9099,80 Hagan Park
121,Kristen,Loalday,kloalday3c,pdSimaFp,kloalday3c@time.com,934-263-5632,8 Gateway Street
122,Isadora,Amery,iamery3d,5Th4cBMno,iamery3d@phoca.cz,798-674-8413,601 Dovetail Parkway
123,Edy,Lemmertz,elemmertz3e,K8QPjC1,elemmertz3e@xrea.com,961-239-3544,3612 Old Gate Lane
124,Andreana,Sibbs,asibbs3f,1sDRUh,asibbs3f@unc.edu,718-136-0586,32451 West Road
125,Dorian,MacMillan,dmacmillan3g,f9OH2SwIl,dmacmillan3g@webmd.com,266-290-0521,1633 Del Sol Drive
126,Jeremy,Simner,jsimner3h,pn5tBLYik,jsimner3h@a8.net,371-476-6687,411 Di Loreto Court
127,Cullan,Snelman,csnelman3i,ObSg1uOPZv4C,csnelman3i@facebook.com,403-668-3619,0502 Mallard Circle
128,Florie,Kobus,fkobus3j,rx4ygBe5GfR,fkobus3j@prweb.com,618-561-4424,26450 Anhalt Pass
129,Millie,Speek,mspeek3k,oSP7f4fmP,mspeek3k@hibu.com,723-589-4976,22796 Coleman Place
130,Freemon,Folling,ffolling3l,FcSrPgCmG,ffolling3l@histats.com,223-553-6651,7 Huxley Way
131,Nat,Roistone,nroistone3m,tpkvh2iDtp,nroistone3m@barnesandnoble.com,406-884-1205,804 Anniversary Court
132,Charla,Wilkie,cwilkie3n,GHTmFqPBjxTM,cwilkie3n@sourceforge.net,850-243-7738,79443 Eastlawn Park
133,Franni,Ballay,fballay3o,JEXr7sRNi,fballay3o@businessinsider.com,257-471-5657,46 Mallard Circle
134,Earvin,Blasetti,eblasetti3p,ykkWT7d9J,eblasetti3p@huffingtonpost.com,336-100-5631,431 Burning Wood Place
135,Robers,Saldler,rsaldler3q,8Ol2qs1iY,rsaldler3q@cdc.gov,232-775-4652,708 Basil Parkway
136,Kalil,McAuslan,kmcauslan3r,5y8AFY,kmcauslan3r@example.com,885-674-2688,953 Monica Avenue
137,Pansy,McIlwaine,pmcilwaine3s,XmkTIjke38,pmcilwaine3s@tmall.com,937-627-7105,88186 Norway Maple Avenue
138,Jaclin,Forker,jforker3t,2A8odmcHBR,jforker3t@cargocollective.com,623-743-9351,844 La Follette Alley
139,Eadith,Daine,edaine3u,bRvN8YX9QFFN,edaine3u@webnode.com,765-835-3928,59 Goodland Terrace
140,Carter,Hissett,chissett3v,x2TrovZZzX,chissett3v@sohu.com,404-367-5308,94793 Macpherson Road
141,Sherlock,Corradino,scorradino3w,dTvm50Vb7z,scorradino3w@diigo.com,701-736-5535,8 David Parkway
142,Isadora,Benettini,ibenettini3x,rBRtbLsAzE,ibenettini3x@gravatar.com,857-780-8374,50327 Quincy Hill
143,Sterling,Vispo,svispo3y,9JDRyidSl,svispo3y@addthis.com,237-929-0204,31 Sunbrook Court
144,Lidia,Witherbed,lwitherbed3z,ksiy68,lwitherbed3z@oakley.com,699-735-1842,4167 Hoard Circle
145,Joellen,Fishbie,jfishbie40,wr0hRJsVo,jfishbie40@noaa.gov,506-815-8601,3333 Stuart Street
146,Malena,Yearnsley,myearnsley41,mOXH14T,myearnsley41@disqus.com,359-638-8003,3 Lighthouse Bay Center
147,Tammie,Danilewicz,tdanilewicz42,FKSbyB,tdanilewicz42@tiny.cc,385-325-3455,65 Jay Way
148,Bridget,Dell,bdell43,No7tFME81S,bdell43@constantcontact.com,865-497-7959,0901 Kensington Place
149,Henry,Barby,hbarby44,xKZd1plgzt,hbarby44@google.fr,156-587-3858,605 Novick Avenue
150,Arlin,Grinikhin,agrinikhin45,mzaApJ,agrinikhin45@weibo.com,131-537-0477,15505 Beilfuss Place
151,Herold,McIlvoray,hmcilvoray46,NbFsItvNk,hmcilvoray46@storify.com,386-862-0648,633 Bowman Pass
152,Brande,Bollini,bbollini47,d3go7IJ,bbollini47@dedecms.com,198-471-2024,44 Sutteridge Drive
153,Carlin,Tick,ctick48,k3N71O4SW,ctick48@theatlantic.com,851-741-9540,877 Russell Pass
154,Millicent,Belsher,mbelsher49,O8q4UDvq8,mbelsher49@fastcompany.com,221-905-6202,25076 Lake View Pass
155,Essy,Bosch,ebosch4a,cNG2UpGyNC6N,ebosch4a@timesonline.co.uk,400-681-3582,5 Badeau Street
156,Angie,Fairburn,afairburn4b,Fb0Ve371GU,afairburn4b@amazon.de,708-555-2713,9213 Springs Alley
157,Thayne,Shelper,tshelper4c,KG3hrg6xY0D,tshelper4c@google.it,737-345-8221,294 Fisk Center
158,Kellie,Wolfindale,kwolfindale4d,Dauj9MmV9hw,kwolfindale4d@telegraph.co.uk,512-956-1964,43 Dunning Terrace
159,Jackelyn,Burwell,jburwell4e,7G4ANWT9Fv,jburwell4e@uiuc.edu,815-285-7686,01 Vermont Lane
160,Ros,Poulney,rpoulney4f,5A5hkMTzo,rpoulney4f@businessweek.com,919-726-4573,542 Center Alley
161,Leeanne,Slark,lslark4g,BgwCIJDEo,lslark4g@dailymail.co.uk,229-641-1304,390 Oriole Place
162,Gale,Hunting,ghunting4h,ffSzZUcw,ghunting4h@storify.com,689-891-5150,7 Hovde Court
163,Delinda,Syred,dsyred4i,V1OHKEiyH0iY,dsyred4i@deliciousdays.com,294-417-8172,08 Reindahl Pass
164,Thurston,Lanyon,tlanyon4j,HD6UPpE4YDx,tlanyon4j@dyndns.org,231-196-6452,4 Kennedy Circle
165,Bobbie,Bowart,bbowart4k,Cb1ah2uyn,bbowart4k@ebay.com,608-586-4978,6707 Bunting Street
166,Ulric,Daines,udaines4l,XslPUC4YIx1,udaines4l@cnbc.com,209-368-7830,26610 Morningstar Lane
167,Franky,Mealiffe,fmealiffe4m,Q0fjDXN,fmealiffe4m@vkontakte.ru,542-995-6955,02 Boyd Pass
168,Saundra,Margaritelli,smargaritelli4n,taRLsQ,smargaritelli4n@nifty.com,661-697-5654,883 Pawling Junction
169,Layne,Moline,lmoline4o,yGohS2o1He2w,lmoline4o@washingtonpost.com,997-912-0864,4 Namekagon Way
170,Zsa zsa,Wordsley,zwordsley4p,7fc1I07q0,zwordsley4p@tripod.com,784-560-0563,8 Dapin Center
171,Tracy,Tomasi,ttomasi4q,qOPXjtoK4XF,ttomasi4q@fc2.com,180-893-5252,4325 Pearson Parkway
172,Arne,Blooman,ablooman4r,pOyeRFUy,ablooman4r@about.com,170-221-1865,79 Sutteridge Pass
173,Rudolf,Lunk,rlunk4s,S7usK6koogn,rlunk4s@sohu.com,712-512-4492,7447 Bay Hill
174,Daisy,Abbess,dabbess4t,eYpOwKrC7,dabbess4t@drupal.org,370-732-3358,23 Beilfuss Park
175,Linc,Dalziel,ldalziel4u,rsjC5o,ldalziel4u@bloglines.com,465-546-9657,82 La Follette Street
176,Diego,Windsor,dwindsor4v,AzmALYUno,dwindsor4v@skyrock.com,342-976-3546,5 Vahlen Plaza
177,Randy,Wordesworth,rwordesworth4w,tSzfUaA38pJk,rwordesworth4w@usda.gov,872-529-0342,0304 Morning Drive
178,Ibbie,Baggallay,ibaggallay4x,0yoeMJsk,ibaggallay4x@bloglines.com,285-100-3495,70937 Derek Road
179,Amitie,Reveland,areveland4y,uoqwuCDZrK,areveland4y@cyberchimps.com,655-861-5153,299 Oak Valley Plaza
180,Cindelyn,Bickerdyke,cbickerdyke4z,KFAjIuy2o,cbickerdyke4z@fda.gov,871-899-2452,595 Pleasure Place
181,Aarika,Wretham,awretham50,xJTSrvE2Fjj,awretham50@list-manage.com,662-434-0496,4 Cambridge Crossing
182,Boote,Van Castele,bvancastele51,wxHh2ajH4g,bvancastele51@cargocollective.com,477-120-3420,92105 Morrow Way
183,Mufinella,Bottrell,mbottrell52,4uXAIjXd,mbottrell52@utexas.edu,103-418-0820,42440 Gale Lane
184,Meggie,Kewley,mkewley53,g6iK2tNrwn,mkewley53@uol.com.br,836-281-0725,9615 Nelson Street
185,Devi,Illingsworth,dillingsworth54,vllXMG43xsd2,dillingsworth54@cmu.edu,647-276-4856,02599 Dorton Way
186,Gilemette,Mansion,gmansion55,1mYHW6gk,gmansion55@illinois.edu,103-619-3665,152 Cardinal Terrace
187,Bran,Normavill,bnormavill56,pShrMVa,bnormavill56@gmpg.org,368-368-7702,9 Walton Park
188,Rosalyn,Tollfree,rtollfree57,SzxOzoqYbNm,rtollfree57@woothemes.com,604-170-3901,5667 Northwestern Street
189,Catarina,Dron,cdron58,jpe8ixaN,cdron58@harvard.edu,155-167-5189,70607 Stephen Street
190,Gerty,Kersting,gkersting59,ZgBq3B,gkersting59@yale.edu,779-901-1252,9 Maple Circle
191,Tally,Limbourne,tlimbourne5a,FEaC2xpL,tlimbourne5a@sbwire.com,910-113-8879,8 Huxley Way
192,Marj,Roughey,mroughey5b,vxgEW4dSp,mroughey5b@is.gd,628-309-6427,27 Welch Court
193,Jamaal,Woffinden,jwoffinden5c,q146Qai,jwoffinden5c@i2i.jp,587-969-6645,342 Sloan Center
194,Aggie,Wedderburn,awedderburn5d,JGyI9n,awedderburn5d@wp.com,942-215-9210,24221 Dennis Avenue
195,Ashton,Marris,amarris5e,34R18Lcuavs,amarris5e@irs.gov,637-821-0330,89 Little Fleur Drive
196,Vlad,Harridge,vharridge5f,lDiNTY4Biv00,vharridge5f@ihg.com,415-323-5533,126 Esch Center
197,Kayne,Mucklestone,kmucklestone5g,i3WX23qgbxmb,kmucklestone5g@huffingtonpost.com,551-733-5453,5 Loomis Trail
198,Valle,Nardi,vnardi5h,fPTRKay9,vnardi5h@tumblr.com,142-797-7803,97 Logan Alley
199,Bliss,Alpe,balpe5i,hl7AE7g,balpe5i@ebay.co.uk,500-610-6136,88410 East Circle
200,Jasmina,Maybey,jmaybey5j,hAaI80rH,jmaybey5j@ask.com,447-143-4990,130 Ridgeway Terrace
201,Nerta,Ambroziak,nambroziak5k,WbxcLzu6Gaqg,nambroziak5k@illinois.edu,755-943-3049,72141 Gina Street
202,Brewer,Conor,bconor5l,SaUrB7,bconor5l@omniture.com,223-910-5265,73 Fallview Avenue
203,Fiona,Podbury,fpodbury5m,cTmmiCUdm,fpodbury5m@liveinternet.ru,714-675-4509,40113 Talmadge Alley
204,Livvyy,Wilbor,lwilbor5n,PjlbUa,lwilbor5n@mayoclinic.com,814-737-4413,1 Sycamore Pass
205,Rosy,Chiles,rchiles5o,RJGqCvAO,rchiles5o@thetimes.co.uk,719-437-8731,959 Warbler Parkway
206,Esdras,Blasdale,eblasdale5p,x3ZnEGIxgb,eblasdale5p@jigsy.com,378-683-7372,748 Gateway Circle
207,Sabrina,Yeskov,syeskov5q,TfHmlHPGcpc7,syeskov5q@scribd.com,761-762-8120,10118 Portage Center
208,Chrysa,Boays,cboays5r,fihagr,cboays5r@plala.or.jp,322-588-4086,05955 Hooker Junction
209,Nikaniki,Weavill,nweavill5s,LbQJnopT83wY,nweavill5s@drupal.org,233-647-3872,79 Cascade Crossing
210,Raine,Larrosa,rlarrosa5t,ksdzrN,rlarrosa5t@sohu.com,850-695-8301,69 Paget Court
211,Hewie,Collinson,hcollinson5u,MYtjTzie8j,hcollinson5u@studiopress.com,489-590-1933,8982 Kinsman Circle
212,Timotheus,Haggidon,thaggidon5v,ZQQYmhfCR,thaggidon5v@yolasite.com,214-286-5350,93 Birchwood Center
213,Karoly,Verner,kverner5w,IDKdsjFXval,kverner5w@chronoengine.com,119-922-6481,3 Holmberg Plaza
214,Elana,Beazleigh,ebeazleigh5x,imVu10c,ebeazleigh5x@ameblo.jp,147-840-6726,2607 Clemons Circle
215,Pate,Costigan,pcostigan5y,6rdHNxzUo0,pcostigan5y@howstuffworks.com,702-720-0563,111 New Castle Lane
216,Steve,Sikorsky,ssikorsky5z,Y07A8d,ssikorsky5z@netvibes.com,937-159-0326,05 Brentwood Road
217,Darell,Belderson,dbelderson60,LuF3TsS,dbelderson60@a8.net,893-698-2841,0 Schlimgen Plaza
218,Janos,Slopier,jslopier61,6OOYG5Rg,jslopier61@wp.com,456-318-2225,078 Starling Circle
219,Shalne,Spyvye,sspyvye62,uAODxkZy4xIS,sspyvye62@ow.ly,807-639-4583,5 Village Green Court
220,Vina,Draysey,vdraysey63,QCqjTd4rE,vdraysey63@hostgator.com,850-961-1187,8 Heffernan Terrace
221,Corenda,Vlach,cvlach64,FDysWZ9,cvlach64@xinhuanet.com,251-651-2220,073 Oakridge Hill
222,Angil,Cazalet,acazalet65,YgTxRo7,acazalet65@narod.ru,973-195-6451,62121 Fisk Center
223,Rayner,Heisham,rheisham66,IG8l91MS,rheisham66@fotki.com,491-673-4987,1023 Northport Crossing
224,Theodor,Oldham,toldham67,wsCemtGXvmM,toldham67@blogs.com,319-538-1405,55768 Welch Drive
225,Leelah,Teffrey,lteffrey68,PNbFzDo,lteffrey68@exblog.jp,869-770-3929,6306 Acker Pass
226,Ernie,Runnett,erunnett69,dujh6YIsaeTW,erunnett69@forbes.com,481-731-9505,65 Butternut Crossing
227,Harland,Sappson,hsappson6a,7nLXKl37XH6t,hsappson6a@de.vu,562-910-8049,2266 Fair Oaks Junction
228,Paxton,Ipgrave,pipgrave6b,TeLCEvf,pipgrave6b@barnesandnoble.com,799-719-8675,12501 Maryland Junction
229,Dorris,Forrestall,dforrestall6c,qAeGuixN,dforrestall6c@noaa.gov,477-738-4896,4 Farmco Way
230,Therese,Foyle,tfoyle6d,sNzXko92yCd,tfoyle6d@baidu.com,583-764-3443,3 Monica Center
231,Clarie,Le Merchant,clemerchant6e,h8LumwWtp6U,clemerchant6e@trellian.com,730-764-9541,52 Dorton Crossing
232,Reube,Hugnot,rhugnot6f,lashtnSxbTQ,rhugnot6f@imageshack.us,133-990-8463,23391 Hollow Ridge Plaza
233,Carrol,Ramelet,cramelet6g,heo6KK9N,cramelet6g@japanpost.jp,857-933-1287,468 Dryden Plaza
234,Delinda,Discombe,ddiscombe6h,dn6zQWaj,ddiscombe6h@china.com.cn,639-369-4380,326 West Circle
235,Hyacinthia,Parramore,hparramore6i,dMxmzS7,hparramore6i@microsoft.com,455-875-3210,27 Buena Vista Circle
236,Ezri,Duffrie,eduffrie6j,UdovKXRZEwF,eduffrie6j@un.org,510-744-6610,786 Buhler Way
237,Reginauld,Dowsing,rdowsing6k,LVkdTsdO,rdowsing6k@dion.ne.jp,904-227-2228,75495 Maywood Crossing
238,Olvan,Rannells,orannells6l,WaQ7f9qTTMhz,orannells6l@is.gd,192-137-8125,6 Anthes Circle
239,Alvera,Boothroyd,aboothroyd6m,ORr0Fno,aboothroyd6m@mit.edu,501-560-3671,7022 Grayhawk Lane
240,Kippie,Beardshall,kbeardshall6n,1uoAEZOc,kbeardshall6n@simplemachines.org,317-687-2841,3 Old Gate Avenue
241,Maryrose,Tierney,mtierney6o,mFhAGGtP,mtierney6o@hc360.com,285-146-8159,99472 Kinsman Junction
242,Arden,Ramsay,aramsay6p,eoMVYVnKf2y,aramsay6p@fotki.com,687-510-8053,5775 Autumn Leaf Alley
243,Demott,Mazella,dmazella6q,nJRJe498z,dmazella6q@phpbb.com,554-579-7306,89654 Prentice Crossing
244,Yolanthe,Lorente,ylorente6r,SgEUOcP,ylorente6r@disqus.com,941-225-0028,03 Johnson Junction
245,Timofei,Hurich,thurich6s,3HH2PyM123t4,thurich6s@un.org,535-437-3415,16154 Prentice Parkway
246,Barbey,Noquet,bnoquet6t,RZvAhv9PF,bnoquet6t@toplist.cz,416-640-3803,1209 Moland Plaza
247,Addi,Hounihan,ahounihan6u,npQcIXipMUTK,ahounihan6u@purevolume.com,438-293-0395,6838 Anniversary Way
248,Lyndell,Gillmor,lgillmor6v,eqIMzs,lgillmor6v@woothemes.com,782-640-1207,66099 Knutson Point
249,Wes,Haselwood,whaselwood6w,rJZOSw,whaselwood6w@plala.or.jp,721-681-9301,9344 Hallows Park
250,Carmita,Ferriere,cferriere6x,7wk1Q4o6v0o,cferriere6x@xing.com,693-404-6452,082 Hazelcrest Park
251,Daphene,Steffens,dsteffens6y,60RbhgWcbcZ,dsteffens6y@rediff.com,165-686-3706,1356 Golden Leaf Court
252,Skippie,Nisuis,snisuis6z,LL5tBS9zjqL,snisuis6z@cornell.edu,947-327-1115,34478 Spaight Way
253,Brigid,Gunning,bgunning70,acJQ0CY4y0,bgunning70@cocolog-nifty.com,834-177-5918,6903 Maryland Way
254,Teddie,Andrick,tandrick71,78NwM4oFMP4,tandrick71@intel.com,734-587-7968,51730 Sunnyside Point
255,Em,Rodrig,erodrig72,gUNyvVF,erodrig72@fc2.com,516-140-5525,719 Rieder Parkway
256,Zacharia,Wilson,zwilson73,WlgtRFILfdTy,zwilson73@cnbc.com,113-111-8385,18423 Thierer Park
257,Chrystel,Thebe,cthebe74,wSrDkN,cthebe74@google.co.jp,879-881-7473,83204 Bartillon Point
258,Sigismondo,Pyle,spyle75,iNFIzQZL242O,spyle75@hugedomains.com,729-515-2884,8 Clove Hill
259,Nickie,De Anesy,ndeanesy76,VH06CYB,ndeanesy76@simplemachines.org,904-246-2790,85229 Kennedy Pass
260,Kizzie,Yakobovitz,kyakobovitz77,yQUev8,kyakobovitz77@themeforest.net,806-941-5749,27650 Gale Place
261,Brant,McQuilkin,bmcquilkin78,PkxDZP0,bmcquilkin78@infoseek.co.jp,913-648-2517,6569 Prentice Court
262,Giselle,De Biasi,gdebiasi79,1yQoUVYoNJiQ,gdebiasi79@howstuffworks.com,833-519-2448,3336 Northridge Lane
263,Marjie,Orehead,morehead7a,Qr78Jl,morehead7a@eepurl.com,753-932-3539,62202 Fair Oaks Crossing
264,Brook,Bruffell,bbruffell7b,KYZwwa8PR,bbruffell7b@amazonaws.com,516-316-3224,445 Nelson Point
265,Gerda,Hansen,ghansen7c,j1wURE0jW7V,ghansen7c@youku.com,339-974-8812,155 Superior Center
266,Madelyn,Crankshaw,mcrankshaw7d,Aq6oAV,mcrankshaw7d@merriam-webster.com,713-539-1501,764 Debs Trail
267,Randa,Degli Abbati,rdegliabbati7e,bYRFm5LftMxD,rdegliabbati7e@opera.com,624-963-8890,7304 Menomonie Trail
268,Viki,Schurcke,vschurcke7f,2y1UuQHGL,vschurcke7f@sohu.com,612-947-8344,157 Twin Pines Circle
269,Piper,Edie,pedie7g,vr7ozz,pedie7g@behance.net,898-783-5929,6539 Russell Pass
270,Belinda,Jefferies,bjefferies7h,HGOW6amjUwt,bjefferies7h@pcworld.com,929-900-1218,066 Anzinger Pass
271,Herminia,Vernay,hvernay7i,R8CFAiu,hvernay7i@google.ca,766-558-7718,54 Nobel Avenue
272,Orville,Cavill,ocavill7j,v5WTacx4RW6,ocavill7j@java.com,207-666-1686,6431 Nova Place
273,Madelaine,Dunston,mdunston7k,1yPSV7,mdunston7k@senate.gov,790-839-4907,832 Thackeray Place
274,Bernardo,Poyle,bpoyle7l,kmkJZYOIF,bpoyle7l@tinyurl.com,578-323-3217,47 Hovde Lane
275,Samara,Mendus,smendus7m,YHMIm7Rvy,smendus7m@free.fr,115-562-8255,9 Warner Place
276,Filberte,Tue,ftue7n,dq7Ppx9h,ftue7n@t.co,604-943-6629,42 Holmberg Parkway
277,Roxanna,Murkus,rmurkus7o,BgWSTGuP5rbQ,rmurkus7o@scribd.com,738-886-4921,137 Moland Crossing
278,Jaimie,Pringell,jpringell7p,G4LiwOdyhWXw,jpringell7p@xing.com,638-685-7427,561 Blaine Center
279,Missy,Pretious,mpretious7q,xijDYkQewQ9,mpretious7q@china.com.cn,396-903-1125,95 Lukken Circle
280,Kaycee,Krolle,kkrolle7r,Ro9ehA2K,kkrolle7r@mapy.cz,669-528-4041,258 Hagan Trail
281,Kata,Pill,kpill7s,iPe6KnYVp6,kpill7s@ucoz.ru,486-509-0933,7625 Vahlen Center
282,Meir,Dagwell,mdagwell7t,npiCJLl,mdagwell7t@google.com.br,274-389-2183,84432 Lotheville Drive
283,Gwendolyn,De Fries,gdefries7u,JWm0hTV6,gdefries7u@gravatar.com,854-470-9476,6 Gina Alley
284,Freddie,Grosvener,fgrosvener7v,Yr0kpaaja,fgrosvener7v@wiley.com,341-745-9744,8932 Crescent Oaks Parkway
285,Andreana,De Biaggi,adebiaggi7w,omdO6aWAd,adebiaggi7w@berkeley.edu,767-411-2880,566 Orin Plaza
286,Teirtza,Kibel,tkibel7x,fjsfI7PuxQ,tkibel7x@ed.gov,680-490-8100,928 Macpherson Avenue
287,Lorenza,Fynn,lfynn7y,KQL9D2fTuZJ,lfynn7y@ibm.com,906-948-1725,2862 Linden Drive
288,Bertrand,Eyree,beyree7z,LWMzV3ex,beyree7z@ca.gov,357-163-7549,89 West Plaza
289,Rene,Riddler,rriddler80,3HEZyPmbJY3D,rriddler80@slate.com,974-688-1136,21730 Prairieview Court
290,Herby,Dreakin,hdreakin81,JJ8Ma9dVfn,hdreakin81@prnewswire.com,413-706-0924,306 International Terrace
291,Von,Mawby,vmawby82,lB3TRjWDx16X,vmawby82@craigslist.org,806-831-2368,3 Portage Junction
292,Piggy,Krahl,pkrahl83,ICVYKz8gCtfB,pkrahl83@toplist.cz,681-974-7613,2997 Menomonie Court
293,Elly,Fazan,efazan84,SP5dnmrEsOf,efazan84@lulu.com,307-683-9209,70 Weeping Birch Crossing
294,Leonora,Andrichak,landrichak85,kV90Oz,landrichak85@cpanel.net,193-526-2984,123 Heffernan Hill
295,Corrine,Alvarado,calvarado86,cPUw0rd,calvarado86@arizona.edu,853-128-3022,77576 Hanover Avenue
296,Roger,Giercke,rgiercke87,sJEDt1VwhLgL,rgiercke87@google.de,529-313-8293,7 Manufacturers Hill
297,Dory,Birchall,dbirchall88,v8CaJvBMyc,dbirchall88@exblog.jp,574-256-6126,2 Dayton Road
298,Candra,Pinch,cpinch89,Ej49MjNLq3w,cpinch89@phpbb.com,744-678-6630,0 Mesta Street
299,Siana,Chevolleau,schevolleau8a,vsSXm0M6Q8,schevolleau8a@lulu.com,741-356-4181,945 Oak Valley Street
300,Baxter,Loughan,bloughan8b,8rj96WEBVlUl,bloughan8b@google.com.br,411-358-7291,40231 Di Loreto Way
301,Kathie,Abramson,kabramson8c,KtCKjD,kabramson8c@homestead.com,819-892-2305,62 Crescent Oaks Road
302,Rogerio,Alsina,ralsina8d,W85vkn9v8,ralsina8d@baidu.com,341-891-3628,442 Granby Parkway
303,Wylma,Matuszak,wmatuszak8e,Qf7KWKv,wmatuszak8e@forbes.com,708-376-8778,6 Summerview Place
304,Derk,Liell,dliell8f,UJ4OJ8ye,dliell8f@shop-pro.jp,244-778-2761,69913 Hooker Hill
305,Ceil,Mechic,cmechic8g,bMCRruFCPoYt,cmechic8g@51.la,624-794-8688,9382 Shopko Parkway
306,Brew,Pickerin,bpickerin8h,Ftxzxdm,bpickerin8h@slashdot.org,202-212-9597,1779 Eggendart Lane
307,Mack,Brute,mbrute8i,gz1NoGHxUVon,mbrute8i@tripod.com,555-582-5867,8843 Jana Trail
308,Faunie,Devote,fdevote8j,xzCB1QV,fdevote8j@dell.com,517-481-6218,57446 Scoville Place
309,Francois,Stille,fstille8k,RW6I1NliCP1r,fstille8k@nbcnews.com,291-789-9330,2209 Beilfuss Parkway
310,Marcela,Domelow,mdomelow8l,ZGXVmB,mdomelow8l@goo.ne.jp,699-856-0243,6 Mayer Point
311,Kelwin,Sheber,ksheber8m,j0ryQrSIJ2z,ksheber8m@issuu.com,276-110-3029,7342 Kim Street
312,Sven,Andreucci,sandreucci8n,umKr3GXoIbD,sandreucci8n@reverbnation.com,924-746-7112,966 Algoma Lane
313,Perry,Gager,pgager8o,OtwDtyDhOAiv,pgager8o@hibu.com,517-178-1450,497 Westend Drive
314,Cooper,Malyj,cmalyj8p,hLXHbjrFCFv,cmalyj8p@networksolutions.com,136-310-6519,66113 Brentwood Street
315,Adina,Sargood,asargood8q,e4fqyD,asargood8q@tripod.com,833-139-5451,0 Delaware Center
316,Heda,Perot,hperot8r,9MZAXveQeYWO,hperot8r@vinaora.com,323-615-1879,3306 Holy Cross Way
317,Ira,Farans,ifarans8s,oXoE8kY3Mk4w,ifarans8s@moonfruit.com,507-142-6286,7103 Claremont Way
318,Ruthy,Coulthard,rcoulthard8t,l7QQamJ5SD,rcoulthard8t@bing.com,442-951-3492,448 Surrey Lane
319,Benedikt,Ferri,bferri8u,NnZVt64nnQ,bferri8u@wufoo.com,733-151-4466,60 Ohio Parkway
320,Irma,Gatheral,igatheral8v,iSzsB4PqzJ2u,igatheral8v@over-blog.com,989-381-1838,9 Norway Maple Lane
321,Simonne,Bramwell,sbramwell8w,YJQTKb,sbramwell8w@google.nl,708-884-6585,7321 Sunnyside Hill
322,Jami,Haldane,jhaldane8x,W1yIrf75eAF,jhaldane8x@vinaora.com,319-407-9337,7456 Eggendart Place
323,Henryetta,Broomhead,hbroomhead8y,GvZtk7,hbroomhead8y@wunderground.com,757-462-0303,66 Kenwood Crossing
324,Janaye,Merriott,jmerriott8z,vNBFPi,jmerriott8z@list-manage.com,839-937-6133,6 Columbus Pass
325,Arda,Brager,abrager90,Dg8Ro6In4,abrager90@mlb.com,687-805-6586,0840 Victoria Park
326,Jillana,Janout,jjanout91,JXCQts,jjanout91@seesaa.net,109-311-4160,31532 Hudson Lane
327,Carena,Rippon,crippon92,r2Zt9e4,crippon92@google.com.hk,460-438-6256,71667 Basil Hill
328,Ty,Gloucester,tgloucester93,HNxafkZasm8,tgloucester93@photobucket.com,642-218-7578,24231 Caliangt Parkway
329,Ulrich,Ray,uray94,4JQUwKKIe7m,uray94@live.com,863-283-7535,9915 Clemons Lane
330,Benn,Kelledy,bkelledy95,9eKrzEJ,bkelledy95@cnbc.com,843-321-3435,0 Barby Avenue
331,Jaime,Colborn,jcolborn96,TZmIrkpb85B,jcolborn96@ycombinator.com,174-732-6540,0 Northfield Street
332,Helge,Doulton,hdoulton97,Wt8hfHcb,hdoulton97@360.cn,922-417-8247,896 Pleasure Point
333,Vincenty,Pollett,vpollett98,a0o7RXyq1,vpollett98@sciencedirect.com,844-942-8752,8 Boyd Way
334,Cathrin,Glastonbury,cglastonbury99,JbuIPSYkowC,cglastonbury99@angelfire.com,756-508-0827,37 Toban Parkway
335,Dulce,Land,dland9a,sAFfL8guxSd,dland9a@harvard.edu,812-281-3728,70699 7th Drive
336,Arlin,Hunnywell,ahunnywell9b,pY8K3wf,ahunnywell9b@dedecms.com,901-664-6916,0642 Debra Point
337,Brianna,Lembcke,blembcke9c,Ivj9Tp9e0AU7,blembcke9c@skyrock.com,828-869-0985,130 Alpine Place
338,Arnie,Ivanin,aivanin9d,w3MKftpXGv,aivanin9d@harvard.edu,524-343-3740,27 Badeau Center
339,Frants,Melpuss,fmelpuss9e,f36UtAM7,fmelpuss9e@nydailynews.com,502-734-0662,371 Miller Court
340,Faith,Hunnybun,fhunnybun9f,5oNIuxKDp,fhunnybun9f@oakley.com,836-199-3200,9 Montana Way
341,Rois,Schmidt,rschmidt9g,plDDmCk,rschmidt9g@diigo.com,818-737-0212,50462 Gateway Road
342,Jaquenette,Webb,jwebb9h,gdiJR9Ncrb,jwebb9h@mozilla.com,298-559-1141,1 Melody Avenue
343,Tamarah,Hiorn,thiorn9i,tKyGV7BW5V2,thiorn9i@phpbb.com,917-651-7299,740 Eliot Court
344,Ferrell,Rodenborch,frodenborch9j,rUowIENvVrvI,frodenborch9j@hatena.ne.jp,487-191-1493,79048 Grim Junction
345,Serene,Harkin,sharkin9k,sVd6RWUABB,sharkin9k@businessinsider.com,163-262-6375,8 Milwaukee Park
346,Keely,Sedgman,ksedgman9l,c4dbPOTtj,ksedgman9l@pagesperso-orange.fr,798-763-0135,08805 Namekagon Point
347,Ferguson,Searsby,fsearsby9m,wKDAPpQ5Pc,fsearsby9m@psu.edu,944-482-2199,547 School Pass
348,Marie-ann,Pulhoster,mpulhoster9n,ZkZ9lr,mpulhoster9n@pagesperso-orange.fr,703-615-6478,19364 Hoffman Drive
349,Gregorius,Drayton,gdrayton9o,gjVbMj,gdrayton9o@boston.com,169-520-1745,0044 Springview Pass
350,Luca,Treneman,ltreneman9p,Xouz0Y9ueJ,ltreneman9p@ucoz.com,469-407-4159,02030 Kensington Hill
351,Glenn,Morewood,gmorewood9q,L85l0RTw8yPf,gmorewood9q@gizmodo.com,285-887-9496,20 Maywood Place
352,Rana,Maccrie,rmaccrie9r,FKj16IHh5Ru,rmaccrie9r@flickr.com,413-294-9293,19952 Birchwood Court
353,Trever,Jaggi,tjaggi9s,xkXjXHCb,tjaggi9s@wp.com,381-741-9779,063 Brown Park
354,Brittany,St Quenin,bstquenin9t,nq6m2x,bstquenin9t@joomla.org,694-370-6721,93942 Lunder Pass
355,Cosetta,Marling,cmarling9u,Zf7Ay47N,cmarling9u@phpbb.com,915-148-2005,1 International Terrace
356,Euphemia,Bertelet,ebertelet9v,P6CqIn,ebertelet9v@accuweather.com,916-577-5823,136 Chinook Street
357,Cathie,Matteucci,cmatteucci9w,Q9wu3Uh,cmatteucci9w@hp.com,471-622-4524,13 Hudson Plaza
358,Roddy,Phare,rphare9x,RLbNI5rqjf,rphare9x@wikipedia.org,172-641-6289,5107 Lakeland Road
359,Tracie,Pears,tpears9y,qj0QiK,tpears9y@liveinternet.ru,646-207-3207,970 Golf Parkway
360,Antonin,Whyteman,awhyteman9z,ENMrxJVkR,awhyteman9z@feedburner.com,630-114-5786,162 Doe Crossing Court
361,Levi,Trim,ltrima0,1OiWmbPg,ltrima0@apple.com,730-784-8442,92 Anthes Alley
362,Levin,Lazenby,llazenbya1,Ylizcj,llazenbya1@liveinternet.ru,974-878-5081,7 Lyons Crossing
363,Benson,Farrant,bfarranta2,rcYuERnNiq,bfarranta2@ocn.ne.jp,334-480-9269,39393 Cambridge Road
364,Kerk,Boscott,kboscotta3,8Ol5JSESazkK,kboscotta3@studiopress.com,889-246-6923,4 Sutteridge Street
365,Aubrette,Cardozo,acardozoa4,8SehexDa,acardozoa4@over-blog.com,324-201-7268,3 Green Plaza
366,Albertina,Cobon,acobona5,CZBGR7BAYW,acobona5@jigsy.com,426-500-8418,16055 Village Green Parkway
367,Janaye,Blunsum,jblunsuma6,WTTl6uKa8,jblunsuma6@oracle.com,479-468-3444,8222 Reinke Alley
368,Britteny,Brannon,bbrannona7,wHoLns2G,bbrannona7@reddit.com,362-299-8708,05947 American Ash Center
369,Marybelle,Hubber,mhubbera8,0FJ9GULfGr9o,mhubbera8@hibu.com,148-594-4230,6082 Farwell Trail
370,Horatius,Glawsop,hglawsopa9,9eUHmzVGxYv,hglawsopa9@google.com.br,750-702-2909,6914 Ilene Drive
371,Carroll,Van,cvanaa,y0Uo18E,cvanaa@washington.edu,287-125-5823,77773 Fallview Crossing
372,Arnoldo,Beckinsall,abeckinsallab,QYyBMQFeGn,abeckinsallab@google.pl,312-354-2387,0892 2nd Parkway
373,Thorpe,Rosensaft,trosensaftac,LiI2Q8G6iE,trosensaftac@hatena.ne.jp,702-359-9878,0059 Cascade Lane
374,Georgie,Messitt,gmessittad,0hv1vo,gmessittad@wiley.com,154-882-7271,1 2nd Lane
375,Vincenz,Woolam,vwoolamae,gY7bESYfSX,vwoolamae@arstechnica.com,295-682-9124,873 Grover Park
376,Carolyne,MacGarvey,cmacgarveyaf,1gTCVhw,cmacgarveyaf@bbb.org,584-759-2148,0 Sycamore Hill
377,Kenneth,Jealous,kjealousag,E3Y2EFy,kjealousag@is.gd,856-169-6896,99 Rutledge Drive
378,Lexi,Tayt,ltaytah,wiEfQzF5D,ltaytah@npr.org,219-393-0888,8417 Loeprich Park
379,Elwood,Annandale,eannandaleai,LwAOsrZJ,eannandaleai@163.com,577-854-2553,94610 Bartillon Road
380,Lars,Crenshaw,lcrenshawaj,fkc1OuN,lcrenshawaj@cocolog-nifty.com,116-744-9866,341 Springview Drive
381,Claretta,Cohalan,ccohalanak,Lfak2vh,ccohalanak@newyorker.com,315-285-1722,5607 Dennis Plaza
382,Waylon,Sorsbie,wsorsbieal,VswiF0BW1,wsorsbieal@mashable.com,181-997-4626,72 2nd Road
383,Dalia,Bilofsky,dbilofskyam,1BICFeK,dbilofskyam@nih.gov,207-941-2931,03 Brown Center
384,Pepita,Penrith,ppenrithan,s5GY8R7HNoyo,ppenrithan@cpanel.net,127-332-7300,89407 Twin Pines Avenue
385,Andromache,Hallowell,ahallowellao,L136SKldcN,ahallowellao@wikispaces.com,930-456-4082,218 Goodland Lane
386,Edithe,Freeth,efreethap,3yuGEzxj,efreethap@cargocollective.com,842-369-0909,3445 Harbort Circle
387,Shelby,Booler,sbooleraq,4xwLATu,sbooleraq@blogger.com,803-586-5208,0330 Rockefeller Trail
388,Cherrita,Benardet,cbenardetar,jiMqLcja,cbenardetar@icio.us,203-418-1447,42658 Sauthoff Place
389,Niven,Mayhew,nmayhewas,GGmPnHLtIAsO,nmayhewas@ask.com,759-706-5940,326 Talmadge Street
390,Katerine,Mellings,kmellingsat,Y1qchOtlP5,kmellingsat@sciencedaily.com,386-593-5599,82 Kedzie Drive
391,Bertrand,Buxsey,bbuxseyau,VVXAbhzxRwW,bbuxseyau@patch.com,550-925-2114,7 Cherokee Court
392,Damara,Torre,dtorreav,urp1tu,dtorreav@phpbb.com,383-233-9897,7 Novick Road
393,Dur,Luton,dlutonaw,DeJcjHboLcQ,dlutonaw@wikispaces.com,801-385-1969,13208 Fieldstone Lane
394,Pasquale,Hedworth,phedworthax,DI3GSTx0O,phedworthax@cargocollective.com,648-550-9739,236 Carey Point
395,Waylen,Gumley,wgumleyay,vx2g73yxi8,wgumleyay@zimbio.com,215-175-6454,96 Hudson Way
396,Gillie,Chazotte,gchazotteaz,uAP890,gchazotteaz@flickr.com,289-559-6442,422 Bobwhite Park
397,Edithe,Gyrgorwicx,egyrgorwicxb0,dykwai,egyrgorwicxb0@answers.com,451-342-4155,9299 Jackson Pass
398,Berri,Bendik,bbendikb1,CFE8h2RU,bbendikb1@deviantart.com,774-160-2345,076 Rockefeller Alley
399,Aridatha,Gravett,agravettb2,Sxz0w2,agravettb2@symantec.com,697-476-4515,07875 Katie Avenue
400,Lina,Skeermer,lskeermerb3,mjCUFFp,lskeermerb3@house.gov,691-970-4234,16 Fuller Lane
401,Clarey,Fripp,cfrippb4,rPDS7Ga,cfrippb4@berkeley.edu,882-683-0340,1306 Delaware Junction
402,Lionel,MacCoughen,lmaccoughenb5,joTjpVtFrrV,lmaccoughenb5@dot.gov,915-752-5055,8782 Almo Park
403,Sophi,Utridge,sutridgeb6,mjyvxEgLuiNc,sutridgeb6@yahoo.co.jp,250-529-6692,5030 Anthes Alley
404,Esmeralda,Highton,ehightonb7,VEJoFuzT8,ehightonb7@apple.com,358-336-0186,4 Crowley Plaza
405,Reginald,Merrison,rmerrisonb8,cgMV3J8tENh,rmerrisonb8@studiopress.com,830-810-6878,19 Rowland Park
406,Chiarra,Poutress,cpoutressb9,2ZvWLHSo0mY,cpoutressb9@google.co.uk,997-413-1595,341 Bluejay Hill
407,Orelee,Wethers,owethersba,DaIfNvbyGMIZ,owethersba@epa.gov,843-175-3588,69 Rowland Center
408,Carlota,Rowston,crowstonbb,TIAcXHLd6,crowstonbb@nyu.edu,764-123-7165,43264 Amoth Trail
409,Rebeka,Haldin,rhaldinbc,KDDsm1,rhaldinbc@tamu.edu,137-727-8824,9 Northridge Junction
410,Kermie,Whilde,kwhildebd,2EY91oC3dfFQ,kwhildebd@e-recht24.de,773-776-1652,37 Loomis Way
411,Keely,Coton,kcotonbe,igBUygn,kcotonbe@hhs.gov,879-403-6612,7733 Eagle Crest Road
412,Marian,Bains,mbainsbf,YCMJm2Kq,mbainsbf@va.gov,652-516-8863,153 Delaware Way
413,Ammamaria,Duchesne,aduchesnebg,GeQUOvzqwXa,aduchesnebg@vkontakte.ru,302-664-0106,7 Jay Way
414,Chrystel,Malim,cmalimbh,1duDsBCqNX2,cmalimbh@kickstarter.com,482-688-0933,7264 Buena Vista Park
415,Della,Terzi,dterzibi,SA9YEk6,dterzibi@cisco.com,396-244-5969,16 Ludington Plaza
416,Reggis,Piens,rpiensbj,GxvAzPmC,rpiensbj@kickstarter.com,470-622-5376,92 Dixon Lane
417,Maurie,Abele,mabelebk,dGcIBy,mabelebk@ihg.com,969-965-3454,888 Northfield Way
418,Burk,Lyven,blyvenbl,M4EtelalrX9,blyvenbl@marketwatch.com,458-497-6614,6 Morning Terrace
419,Dede,Mordey,dmordeybm,mbA3cb7EZ,dmordeybm@plala.or.jp,217-178-2517,80491 Ridgeview Pass
420,Amerigo,Blaw,ablawbn,ruk86KYSCzG,ablawbn@yandex.ru,652-656-3607,33 Carberry Street
421,Mirelle,Abramson,mabramsonbo,9xWUrAT4,mabramsonbo@rakuten.co.jp,610-537-3624,4907 Bayside Hill
422,Avictor,Struthers,astruthersbp,gGN6FdiQXt4,astruthersbp@fc2.com,939-542-0358,9540 Lakewood Gardens Way
423,Eulalie,Pendle,ependlebq,4V93f7g,ependlebq@mail.ru,119-942-4634,04 Leroy Junction
424,Sarine,Syrad,ssyradbr,2CKRY8kB,ssyradbr@statcounter.com,560-178-4908,509 Gateway Avenue
425,Amerigo,Cuckson,acucksonbs,AUNNZ7x,acucksonbs@google.cn,791-981-2829,5 Hoepker Hill
426,Kaspar,Midford,kmidfordbt,mholOtKb,kmidfordbt@cbslocal.com,686-349-2978,5827 Harbort Street
427,Harwilll,De La Haye,hdelahayebu,klRY5jZyGHLN,hdelahayebu@ibm.com,526-811-9202,0085 Anzinger Terrace
428,Christean,Eykelbosch,ceykelboschbv,4iAnDiUkLr,ceykelboschbv@sfgate.com,368-337-7450,2 Westridge Center
429,Tammy,Stow,tstowbw,Qyz3CP,tstowbw@nasa.gov,222-279-6395,1 Truax Alley
430,Gillian,Griswood,ggriswoodbx,abmKmknn7,ggriswoodbx@google.ca,738-588-7760,118 Norway Maple Pass
431,Irvine,Swatradge,iswatradgeby,7WRiTYo,iswatradgeby@storify.com,493-169-6097,9 Hoard Avenue
432,Ozzy,Genn,ogennbz,AfSKXXZ,ogennbz@cafepress.com,595-652-4375,4295 Packers Point
433,Marthe,Koppens,mkoppensc0,arAQ7NKziTp,mkoppensc0@fotki.com,544-166-7625,1403 Cordelia Court
434,Kienan,Carnduff,kcarnduffc1,NDRqJvY,kcarnduffc1@soup.io,593-643-0121,11 Farragut Junction
435,Lynn,Laskey,llaskeyc2,bEvvUIw,llaskeyc2@storify.com,789-228-3247,98569 Hollow Ridge Park
436,Derward,Hews,dhewsc3,YRUEFIc,dhewsc3@admin.ch,662-303-3696,82509 Charing Cross Way
437,Hinze,Clewer,hclewerc4,Mn5ne6tE6,hclewerc4@google.ru,689-735-8390,3 Troy Lane
438,Vincenty,Shernock,vshernockc5,F2mRHZmQW,vshernockc5@flickr.com,420-599-1987,44 Mifflin Avenue
439,Jorey,Pettit,jpettitc6,fMSyD5lhC5em,jpettitc6@odnoklassniki.ru,465-718-0041,190 Steensland Parkway
440,Corella,Gumby,cgumbyc7,kLzT39nLHB,cgumbyc7@topsy.com,454-255-8548,97 Elka Circle
441,Florida,Happel,fhappelc8,9WykGJ,fhappelc8@accuweather.com,290-842-8388,154 4th Court
442,Marcos,Thoumasson,mthoumassonc9,ftpVJjMlA6Gs,mthoumassonc9@goo.ne.jp,482-858-0840,9 Schmedeman Hill
443,Alida,Vasovic,avasovicca,6vlXgm69,avasovicca@parallels.com,161-560-0589,9 Luster Lane
444,Herbert,Houlridge,hhoulridgecb,gMLOTSztnMQG,hhoulridgecb@ocn.ne.jp,551-386-4362,8 Luster Terrace
445,Gypsy,Espinazo,gespinazocc,bdEqpKjV,gespinazocc@tamu.edu,136-985-9346,59609 Memorial Crossing
446,Neysa,Coase,ncoasecd,412nMdikF,ncoasecd@yelp.com,215-303-0170,4412 Miller Plaza
447,Torrance,Dimnage,tdimnagece,KLjvbMByyJ7m,tdimnagece@webmd.com,947-126-1361,7183 High Crossing Road
448,Doretta,Northcliffe,dnorthcliffecf,m3FixoV,dnorthcliffecf@themeforest.net,543-629-0565,22418 Village Green Lane
449,Atlanta,Bolland,abollandcg,2MwS7qK,abollandcg@apple.com,395-965-0170,384 Logan Circle
450,Godwin,Cain,gcainch,dFtMrKFVS,gcainch@gizmodo.com,587-785-6382,51541 Ohio Crossing
451,Willyt,Southwood,wsouthwoodci,VAz76QJET6T,wsouthwoodci@zdnet.com,545-959-0288,82 Longview Way
452,Ravi,Cymper,rcympercj,5ZOBONY,rcympercj@go.com,846-783-6861,6223 Morningstar Avenue
453,Beryl,Bigmore,bbigmoreck,1C5DRcaY,bbigmoreck@yellowpages.com,690-926-9010,756 Fair Oaks Alley
454,Stevy,Masselin,smasselincl,Li31q0,smasselincl@blinklist.com,596-731-7047,9782 Sutteridge Pass
455,Britney,Firbank,bfirbankcm,T3adpW04qkUj,bfirbankcm@paginegialle.it,311-669-5711,4 Corben Trail
456,Renault,Thew,rthewcn,RjBNXRU,rthewcn@gmpg.org,205-433-5635,450 Maple Wood Circle
457,Cully,Wintringham,cwintringhamco,XXCovI8bGQ,cwintringhamco@artisteer.com,808-318-8565,17377 Melvin Pass
458,Alfy,Bulloch,abullochcp,kGOOMP,abullochcp@seesaa.net,929-817-5887,76803 Ramsey Lane
459,Durant,Klain,dklaincq,MKM1wODfc,dklaincq@w3.org,628-514-1174,908 Utah Circle
460,Tomaso,Spier,tspiercr,TsC6Gf4VxDPz,tspiercr@disqus.com,986-682-2665,51721 Dakota Avenue
461,Pail,Rands,prandscs,FApOFJbZ1oDr,prandscs@1688.com,599-523-2341,8 Spenser Alley
462,Adela,Du Pre,aduprect,jY58XHw,aduprect@icio.us,965-389-4187,158 Helena Crossing
463,Corrie,Muro,cmurocu,rG5Tmno6WFu6,cmurocu@symantec.com,453-528-0292,180 Quincy Circle
464,Oberon,Form,oformcv,9lI8Ajol6,oformcv@nba.com,825-440-8204,4 Hanover Crossing
465,Zonnya,Truter,ztrutercw,5Jw4UAxZ3iS,ztrutercw@godaddy.com,917-552-1540,162 Carpenter Road
466,Ashlin,Kemwal,akemwalcx,oubuZoHuq,akemwalcx@spiegel.de,812-643-8776,606 Sunfield Junction
467,Chrissie,Piesing,cpiesingcy,Xxk6rkx6E,cpiesingcy@blogspot.com,475-225-8578,5 Monica Place
468,Brent,Brodway,bbrodwaycz,Yvc5geyr,bbrodwaycz@joomla.org,950-528-8063,657 1st Trail
469,Rosella,Elford,relfordd0,lBQqwvmLewM,relfordd0@w3.org,799-598-9428,7553 Boyd Point
470,Bellanca,Harbage,bharbaged1,8oOIBpK,bharbaged1@abc.net.au,498-371-6639,206 Union Street
471,Alonzo,Callway,acallwayd2,haIJl3UeAcMd,acallwayd2@jugem.jp,629-164-7846,0 Aberg Hill
472,Mara,Sinden,msindend3,WQZKd5TPVN,msindend3@dailymotion.com,523-174-1602,91898 Corben Alley
473,Reidar,Abramsky,rabramskyd4,Z4EK7Aq,rabramskyd4@virginia.edu,756-417-4876,42444 Grasskamp Trail
474,Igor,Currington,icurringtond5,YbqkySJyJ8,icurringtond5@live.com,805-539-0187,28 Warrior Center
475,Bonnibelle,Bownd,bbowndd6,re1JGvl7qFF,bbowndd6@hhs.gov,307-714-0985,98 Miller Way
476,Axel,Andreuzzi,aandreuzzid7,Qii6QBfle,aandreuzzid7@home.pl,830-869-1799,26701 Stone Corner Junction
477,Doe,Derrell,dderrelld8,H5Nr7VRKjZu,dderrelld8@foxnews.com,331-174-7821,58 Michigan Court
478,Denyse,Abrahmson,dabrahmsond9,LyyNQgy,dabrahmsond9@reference.com,134-676-7027,4158 Old Gate Street
479,Emmet,Gludor,egludorda,1oqKQjgDg,egludorda@ucoz.com,147-831-8926,04168 Chinook Junction
480,Lani,O' Borne,lobornedb,AoUpqucwE,lobornedb@shop-pro.jp,983-415-3049,1 Iowa Lane
481,Englebert,Stivani,estivanidc,3OT55SG,estivanidc@answers.com,863-230-1375,330 Iowa Parkway
482,Constanta,Somerfield,csomerfielddd,hcxkgWl,csomerfielddd@weather.com,897-486-4008,22 Barnett Street
483,Malachi,Draco,mdracode,ESVYAZ,mdracode@microsoft.com,705-112-5530,7022 Hooker Terrace
484,Hugo,Sponder,hsponderdf,BVtYnVDhCKq,hsponderdf@aol.com,706-671-6843,44157 2nd Avenue
485,Betty,Stoeck,bstoeckdg,mBAc0aLqWii,bstoeckdg@acquirethisname.com,637-333-7308,4449 Lerdahl Hill
486,Craggie,Rebichon,crebichondh,72Xf9A,crebichondh@cafepress.com,540-593-5641,8 Fordem Drive
487,Jo-ann,Gosnoll,jgosnolldi,VYL0zYBoTJ,jgosnolldi@webmd.com,425-971-0488,7 Riverside Plaza
488,Kessiah,Sloane,ksloanedj,AV5UA1x7e5Fd,ksloanedj@wiley.com,365-504-4081,42 Fair Oaks Park
489,Vergil,Englefield,venglefielddk,DzDAI9UrZ,venglefielddk@tripod.com,327-896-7012,46 Elgar Lane
490,Marta,Delgua,mdelguadl,iJfFG2,mdelguadl@google.es,757-988-6814,4388 Elgar Avenue
491,Terry,Demonge,tdemongedm,quBOtzYQ,tdemongedm@mlb.com,679-530-2870,8914 Mockingbird Center
492,Tera,Luebbert,tluebbertdn,A4xP0bPcC,tluebbertdn@example.com,421-613-0528,992 Northfield Park
493,Aguste,Archambault,aarchambaultdo,uFcc3zdokjY,aarchambaultdo@google.fr,143-542-3019,2103 Burning Wood Road
494,Bess,Gautrey,bgautreydp,KOdGqCBV18W,bgautreydp@odnoklassniki.ru,646-417-9690,439 Washington Crossing
495,Vickie,Ferronel,vferroneldq,XG1Gnoc,vferroneldq@theglobeandmail.com,547-539-7502,64 Hudson Pass
496,Wallis,Twell,wtwelldr,AztYWf7Ni62s,wtwelldr@bigcartel.com,663-691-4273,44 Shoshone Circle
497,Lissie,Pryde,lprydeds,9jBswR3,lprydeds@vkontakte.ru,102-208-2104,952 Londonderry Street
498,Aldon,Whitwood,awhitwooddt,X7ThQ8Xu1Ja1,awhitwooddt@4shared.com,566-741-0627,678 Fair Oaks Circle
499,Gerardo,Behne,gbehnedu,oTeEb0Y,gbehnedu@discovery.com,831-137-6951,1 Nobel Street
500,Suzie,Eidler,seidlerdv,puT7ABlol,seidlerdv@icio.us,681-461-0745,08256 Dunning Junction
501,Horst,Spier,hspierdw,xjYvwv,hspierdw@mit.edu,564-575-8630,180 Brickson Park Parkway
502,Binnie,Cowlard,bcowlarddx,45e1KakYwu,bcowlarddx@bbb.org,846-244-1284,7 Nobel Way
503,Hildegarde,Catcherside,hcatchersidedy,nQ5JN77So,hcatchersidedy@t-online.de,295-208-7679,91 Iowa Avenue
504,Geoff,Jorck,gjorckdz,4Ro0Hij,gjorckdz@nasa.gov,310-143-5081,9 Sheridan Pass
505,Alexis,Lago,alagoe0,I9Fw1kGJp,alagoe0@infoseek.co.jp,770-781-0679,77852 Cordelia Pass
506,Russell,Strowlger,rstrowlgere1,4xTbmndn,rstrowlgere1@businessweek.com,863-348-5516,6 Orin Avenue
507,Ilka,Penritt,ipenritte2,IgCxGf6,ipenritte2@stanford.edu,532-216-0936,4320 Jenna Plaza
508,Egbert,Casol,ecasole3,BU5jzP4tAW3g,ecasole3@ameblo.jp,623-444-9963,991 Bluejay Court
509,Vernor,Cardon,vcardone4,jSkCM2EVOcaO,vcardone4@techcrunch.com,382-185-4822,6938 Hazelcrest Circle
510,Barbara,Maxsted,bmaxstede5,DvyIZBZAF3,bmaxstede5@google.es,585-802-6921,83 Ramsey Center
511,Pattie,Louca,ploucae6,Souh2R3EChS,ploucae6@dion.ne.jp,631-564-1004,7304 Eastwood Alley
512,Cassandra,Ziemke,cziemkee7,VzFE1w,cziemkee7@drupal.org,302-211-8695,1910 Meadow Valley Terrace
513,Giffard,Markham,gmarkhame8,26AELhf4,gmarkhame8@163.com,423-181-5714,0384 Waywood Crossing
514,Alexandros,Feakins,afeakinse9,mKA2K3iUT5I,afeakinse9@google.co.uk,177-122-5611,4 Northridge Drive
515,Allison,Ovenell,aovenellea,4KdhSI77H,aovenellea@twitpic.com,874-688-6242,7317 Pennsylvania Plaza
516,Timmie,Coward,tcowardeb,iZQn5id,tcowardeb@qq.com,585-427-7135,4 Glacier Hill Terrace
517,Foss,Ilson,filsonec,bU6FLgAjRZ,filsonec@live.com,498-225-0124,7635 Rigney Plaza
518,Katleen,Deerness,kdeernessed,bMdZcb,kdeernessed@reuters.com,950-935-3390,2 Garrison Road
519,Lucie,Quernel,lquernelee,TIsIylsTHU1D,lquernelee@amazon.com,573-796-8130,72505 Everett Court
520,Isidro,Lamputt,ilamputtef,cLRLtwYj8,ilamputtef@imdb.com,204-976-9331,3 Mayfield Way
521,Donnamarie,Blacket,dblacketeg,Fg7FNowaroM,dblacketeg@harvard.edu,311-852-6003,74665 Rutledge Plaza
522,Stephan,Hartshorne,shartshorneeh,aRhzJHWrXo,shartshorneeh@taobao.com,159-789-8335,6 Shelley Road
523,Giovanni,Eastabrook,geastabrookei,a39L4N,geastabrookei@youtu.be,999-101-6053,87963 Sommers Lane
524,Pernell,Coffelt,pcoffeltej,1WT3JoX,pcoffeltej@arstechnica.com,530-180-2775,248 Oriole Street
525,Francine,Esom,fesomek,y2umyJWY,fesomek@symantec.com,118-744-1469,61987 Erie Way
526,Eldredge,Taylo,etayloel,7lAsGk,etayloel@g.co,876-613-2224,936 Heath Park
527,Hamlen,Kays,hkaysem,nECB552oIk3,hkaysem@webmd.com,301-611-0169,61513 Nevada Circle
528,Tucker,Koubu,tkoubuen,JOpqscdYdXv,tkoubuen@networkadvertising.org,332-695-8269,9 David Street
529,Darill,Ogelbe,dogelbeeo,Xv03G3qhMAn,dogelbeeo@1und1.de,559-499-1912,560 Ridge Oak Lane
530,Karine,Ansill,kansillep,6DyuWR,kansillep@bandcamp.com,630-323-5116,96 Westridge Avenue
531,Jami,Skase,jskaseeq,LXAexG,jskaseeq@nydailynews.com,617-242-9080,4256 Pleasure Crossing
532,Shea,Eldredge,seldredgeer,hW50wF6V6NSV,seldredgeer@census.gov,204-253-7239,4 Spohn Alley
533,Ciel,Dmitrovic,cdmitrovices,EmbuVm1M,cdmitrovices@mit.edu,306-795-2957,37092 Mandrake Crossing
534,Appolonia,Eouzan,aeouzanet,epZxuEa6,aeouzanet@aboutads.info,713-973-3064,3 Pine View Terrace
535,Frederich,Mitchinson,fmitchinsoneu,A5whHAsf,fmitchinsoneu@aboutads.info,228-193-9300,75278 Mosinee Street
536,Keary,Agass,kagassev,sqmwdhrq9ky,kagassev@hhs.gov,480-390-2674,05816 Merry Court
537,Eleanor,Edger,eedgerew,4GXnJmbx5F9,eedgerew@paginegialle.it,589-886-3334,1404 Jenifer Lane
538,Judon,Trusty,jtrustyex,cAkB0FUz,jtrustyex@bluehost.com,646-893-2891,7 Esch Center
539,Marylou,Halbert,mhalbertey,iNNGqR,mhalbertey@arizona.edu,958-100-8179,53 Holmberg Junction
540,Elsi,Bickerdyke,ebickerdykeez,WSBXQEzin,ebickerdykeez@woothemes.com,247-270-6046,33417 Sunnyside Way
541,Felike,Couser,fcouserf0,qgUEfkexvYQ,fcouserf0@java.com,504-364-6022,52 Sullivan Trail
542,Iolande,Simonds,isimondsf1,iCXtDHiKpuB,isimondsf1@toplist.cz,543-633-1579,7275 Packers Way
543,Jimmy,Stronge,jstrongef2,ihprDaF,jstrongef2@twitpic.com,661-566-0208,4377 Lotheville Park
544,Benedikta,Berrick,bberrickf3,T9MPe664Nh,bberrickf3@privacy.gov.au,312-397-2699,7 Hagan Trail
545,Faber,Janaszkiewicz,fjanaszkiewiczf4,pL1mJG8,fjanaszkiewiczf4@nih.gov,666-414-4131,6 Judy Street
546,Bartram,Kuhnert,bkuhnertf5,0eXsVL9deR,bkuhnertf5@hugedomains.com,729-389-6757,709 Fulton Center
547,Helenka,Boycott,hboycottf6,zU2V1MB0z,hboycottf6@github.com,121-434-7284,27 Northfield Parkway
548,Belia,Fend,bfendf7,sWZKgzNT,bfendf7@umich.edu,874-882-8373,29 Northridge Lane
549,Amos,Tilston,atilstonf8,AY1i7ymDfu,atilstonf8@abc.net.au,131-434-3573,4 Columbus Point
550,Morty,Keene,mkeenef9,gVfj8OeUvJ,mkeenef9@sohu.com,470-692-6444,6 Sugar Trail
551,Crysta,LAbbet,clabbetfa,QmNkZq,clabbetfa@yandex.ru,252-445-8091,69 Elka Place
552,Isadore,Cartmer,icartmerfb,qtPCocrGr,icartmerfb@about.me,659-832-6816,51 Merry Point
553,Grantley,McElree,gmcelreefc,PntX9G,gmcelreefc@deliciousdays.com,510-732-5389,1699 Boyd Circle
554,Ingunna,De Blase,ideblasefd,Qc4eDmq,ideblasefd@geocities.jp,482-128-0864,213 Havey Crossing
555,Luce,Dawdary,ldawdaryfe,vxo2rYJa1,ldawdaryfe@clickbank.net,399-880-3305,3 Bayside Trail
556,Gianni,Dominec,gdominecff,wUYWR3X5h,gdominecff@dedecms.com,613-199-5642,541 Dwight Place
557,Gusella,Brearty,gbreartyfg,igs6WE95,gbreartyfg@github.io,789-111-4229,8 Kropf Drive
558,Timmie,Frankiss,tfrankissfh,Z07qEWovC,tfrankissfh@phpbb.com,368-181-9408,64244 Garrison Hill
559,Camel,Cogan,ccoganfi,2TfpTknCr,ccoganfi@opera.com,379-819-2662,6124 Lotheville Terrace
560,Vivianna,Mauser,vmauserfj,xXA8E2,vmauserfj@google.com.au,517-701-1802,811 Burrows Terrace
561,Clarisse,Ambrodi,cambrodifk,fFeBHx6Oul,cambrodifk@zimbio.com,892-232-7024,29880 Cambridge Place
562,Salvatore,Thurlbeck,sthurlbeckfl,nPSsTEp8i9,sthurlbeckfl@mlb.com,974-106-0196,19 Village Green Avenue
563,Lacee,Border,lborderfm,sXzhF5IJm3e7,lborderfm@salon.com,762-116-2379,1532 Sachs Place
564,Amerigo,Capron,acapronfn,9Z6SwW,acapronfn@amazon.co.jp,112-360-9689,2 Hermina Court
565,Fitzgerald,Gauden,fgaudenfo,j4azi7Og6ks6,fgaudenfo@com.com,645-496-2745,48 Pleasure Park
566,Quinn,Kristoffersen,qkristoffersenfp,uIUqUAqzV,qkristoffersenfp@ox.ac.uk,494-557-1565,6087 Dryden Place
567,Lori,Rutt,lruttfq,uH3pLsx,lruttfq@mashable.com,967-980-4059,5 Clarendon Way
568,Edgardo,Matuszyk,ematuszykfr,ghotaugOp,ematuszykfr@sogou.com,959-379-2564,976 Manufacturers Plaza
569,Danny,Skeemer,dskeemerfs,BG9tsGA1,dskeemerfs@indiegogo.com,369-817-6744,15191 Derek Hill
570,Jayme,Emery,jemeryft,3KnBM5h8,jemeryft@virginia.edu,546-123-1135,0 Banding Drive
571,Normand,Redmayne,nredmaynefu,A2pE0h1ecT,nredmaynefu@printfriendly.com,951-737-1028,86133 Anhalt Alley
572,Callean,Triggel,ctriggelfv,7Nw2ZHQH0cMn,ctriggelfv@dedecms.com,823-260-9750,30 Mockingbird Way
573,Brock,Twinbourne,btwinbournefw,2NERLzinGd,btwinbournefw@google.ru,570-203-8988,760 Bartillon Drive
574,Diego,Pittock,dpittockfx,n8wNE1Feb,dpittockfx@netscape.com,366-600-2835,67 Vera Crossing
575,Afton,Brogden,abrogdenfy,bvs4Trk,abrogdenfy@jiathis.com,533-661-2476,7311 Paget Center
576,Burgess,Lante,blantefz,w0rMwIYwx,blantefz@patch.com,624-914-3391,93 Namekagon Avenue
577,Zitella,Deavall,zdeavallg0,qVm3Da,zdeavallg0@hp.com,947-380-6097,8867 Charing Cross Point
578,Burke,Pimm,bpimmg1,mueIT4UVTD,bpimmg1@sakura.ne.jp,314-812-0347,32142 Rockefeller Way
579,Rosa,Huston,rhustong2,B0rDwo5Cca,rhustong2@redcross.org,456-487-2882,76 Iowa Trail
580,Byram,Bohlin,bbohling3,ooEyiLGic,bbohling3@163.com,840-627-0520,77 Monica Way
581,Emmi,Mosdall,emosdallg4,2gWr18Cz,emosdallg4@simplemachines.org,541-957-3887,401 Rockefeller Junction
582,Emmett,Baack,ebaackg5,9zDD0DCXLYi,ebaackg5@elpais.com,713-225-6000,7127 Sachs Lane
583,Joelie,Leamon,jleamong6,7cRDmcuo,jleamong6@wikia.com,249-969-3505,31100 Kim Center
584,Annora,Lampkin,alampking7,BqX9ezNLXY,alampking7@miibeian.gov.cn,141-753-7925,643 Daystar Junction
585,Burnaby,Wing,bwingg8,Gm3rlH42z7HW,bwingg8@sourceforge.net,959-132-1136,3 Delaware Pass
586,Deck,Benge,dbengeg9,4RGovk1KDcf,dbengeg9@aol.com,873-674-6134,346 Linden Road
587,Giffie,Coxhead,gcoxheadga,rRxzjx1Q,gcoxheadga@businessweek.com,289-993-3770,4112 Barnett Junction
588,Uri,Bagnal,ubagnalgb,YFpv13YA9,ubagnalgb@printfriendly.com,977-507-3333,9 American Ash Junction
589,Cecilio,Osichev,cosichevgc,1C4UVagN,cosichevgc@ebay.com,631-538-7129,61 Myrtle Circle
590,Elvin,Speed,espeedgd,GDdR9gP,espeedgd@unblog.fr,572-146-3562,2 Forster Hill
591,Gusella,Grigoryev,ggrigoryevge,OXMdrwylNgI,ggrigoryevge@statcounter.com,950-595-6331,88155 Granby Road
592,Marielle,Reichelt,mreicheltgf,BQQvKu1Vg,mreicheltgf@washington.edu,375-719-6109,7 Esch Lane
593,Astrix,Benedikt,abenediktgg,MG2v1MC,abenediktgg@dailymotion.com,962-691-9610,75 Hudson Terrace
594,Gabriela,Rieger,griegergh,fjizkgS86,griegergh@ucsd.edu,617-970-9630,4242 Eliot Circle
595,Morry,Vosse,mvossegi,zJW477,mvossegi@sphinn.com,962-896-7180,468 Fisk Parkway
596,Gwenette,MacKeague,gmackeaguegj,KE81UJ,gmackeaguegj@ovh.net,964-412-9710,87 Grasskamp Park
597,Tove,Elderidge,telderidgegk,dyIABG,telderidgegk@earthlink.net,797-986-7527,4 Wayridge Drive
598,Bartolemo,Harriman,bharrimangl,7pBr0jV,bharrimangl@virginia.edu,656-963-0862,808 Mayfield Trail
599,Nicolina,Stoeckle,nstoecklegm,YbIMHfC8nLhC,nstoecklegm@alexa.com,164-878-6839,996 Union Park
600,Erica,Leftridge,eleftridgegn,sEMGHUfa,eleftridgegn@weibo.com,580-168-1022,79429 Vermont Center
601,Haleigh,Creedland,hcreedlandgo,FpkGBXM7,hcreedlandgo@photobucket.com,807-559-0647,3847 Shopko Crossing
602,Eamon,Barneveld,ebarneveldgp,d6xuSlPItjsr,ebarneveldgp@360.cn,513-170-5201,2514 Coolidge Pass
603,Terrance,Geraghty,tgeraghtygq,qpEq3DgDyvK,tgeraghtygq@umn.edu,914-122-6844,49402 Gateway Court
604,Marnie,Rosenqvist,mrosenqvistgr,pEt7Epw4,mrosenqvistgr@shop-pro.jp,763-377-6176,1 Nelson Way
605,Brendan,Westgarth,bwestgarthgs,bc9ERU0,bwestgarthgs@cocolog-nifty.com,206-471-0333,408 Schlimgen Circle
606,Mickie,Martt,mmarttgt,34J3C0yPzh0,mmarttgt@nationalgeographic.com,150-581-5910,19057 Hallows Junction
607,Willey,Smiths,wsmithsgu,Lh8i5jXnD,wsmithsgu@netlog.com,633-991-5526,8650 Stephen Terrace
608,Juan,MacGillicuddy,jmacgillicuddygv,SyAMLYdNM,jmacgillicuddygv@stanford.edu,803-785-4247,90 Elka Point
609,Dawna,Inkles,dinklesgw,xMAD7ZT4i5,dinklesgw@thetimes.co.uk,112-589-4367,2 Delladonna Parkway
610,Keslie,Thicking,kthickinggx,q2wjjWfit0,kthickinggx@wikispaces.com,768-513-8899,19 Service Court
611,Kiley,Duester,kduestergy,z26NduY0,kduestergy@vkontakte.ru,735-295-7642,3 Comanche Junction
612,Walt,Sainsbury,wsainsburygz,tZdXpc2euq,wsainsburygz@ebay.co.uk,912-686-2316,018 Becker Center
613,Laurie,Kiffin,lkiffinh0,lUHykyOouyy,lkiffinh0@jalbum.net,107-574-3303,8 East Park
614,Haywood,Diaper,hdiaperh1,a7fou4Z9,hdiaperh1@comcast.net,550-298-1792,04517 Bashford Park
615,Mariam,Exposito,mexpositoh2,HexwtXHTC5,mexpositoh2@people.com.cn,563-131-5938,606 Waubesa Parkway
616,Ronnie,Hallut,rhalluth3,JFI8Wn32C,rhalluth3@sakura.ne.jp,285-548-7914,00 Buena Vista Lane
617,Terry,Paulo,tpauloh4,ZNqs5bZjTN,tpauloh4@livejournal.com,907-737-1540,9 Nancy Drive
618,Shellie,MacDonagh,smacdonaghh5,nZIkTPece4bv,smacdonaghh5@youtube.com,239-545-4715,3 Tennyson Circle
619,Kristen,Steart,kstearth6,OAnQmPyO,kstearth6@issuu.com,555-383-8911,0080 4th Center
620,Bunny,Hobbert,bhobberth7,E6wG5ps,bhobberth7@tiny.cc,560-854-3777,122 Ridgeview Plaza
621,Chrissie,Bonavia,cbonaviah8,CvVl26o4YViY,cbonaviah8@fema.gov,344-842-9676,9 Rigney Street
622,Kliment,Caldecutt,kcaldecutth9,BWlaAq8bYY,kcaldecutth9@virginia.edu,188-680-4268,55836 Maple Wood Place
623,Quincy,Baldinotti,qbaldinottiha,06jWQ9V3F,qbaldinottiha@pinterest.com,223-997-9189,52 Buell Junction
624,Lucita,Ferneley,lferneleyhb,pQAg0jU,lferneleyhb@cbc.ca,811-698-1456,0836 Banding Avenue
625,Aila,Le Hucquet,alehucquethc,kVwVMz7JK,alehucquethc@sfgate.com,908-165-4619,79 Dawn Plaza
626,Kaitlynn,Barthropp,kbarthropphd,ASAtROj3TWtO,kbarthropphd@wsj.com,722-650-3876,18265 Golf Course Plaza
627,Lorens,Kowal,lkowalhe,EKjwVDW4DLvH,lkowalhe@pbs.org,533-997-8179,29686 Raven Avenue
628,Dallon,Haggish,dhaggishhf,pqQIM1dgECg,dhaggishhf@youtube.com,513-929-8191,0 Rutledge Terrace
629,Carmella,McPike,cmcpikehg,ijFEcCnxm5,cmcpikehg@uol.com.br,453-573-7809,49196 Bowman Street
630,Davida,Elflain,delflainhh,43A0LG,delflainhh@people.com.cn,983-168-5734,52159 Heath Road
631,Barbie,Bambra,bbambrahi,x7ib4AS,bbambrahi@woothemes.com,721-426-9746,996 Dawn Alley
632,Tressa,Riguard,triguardhj,C8W2TV,triguardhj@foxnews.com,676-807-5086,45 Londonderry Road
633,Nannie,Lucien,nlucienhk,U7IK8E,nlucienhk@hatena.ne.jp,188-301-0134,979 Oneill Parkway
634,Cale,Blanche,cblanchehl,cIZZb8u0B7ZY,cblanchehl@loc.gov,724-220-8401,60 Lunder Terrace
635,Pier,Mc Carrick,pmccarrickhm,V6mtfs,pmccarrickhm@freewebs.com,119-357-7451,56578 Troy Lane
636,Glynda,Valentelli,gvalentellihn,mXZTST1VT,gvalentellihn@simplemachines.org,112-221-5746,2710 Barby Place
637,Erskine,Lancaster,elancasterho,yejF84R,elancasterho@youtube.com,249-370-8256,79090 Laurel Lane
638,Rosanna,Ker,rkerhp,HnkYidh9rHs,rkerhp@quantcast.com,810-475-1736,304 Cambridge Drive
639,Nicky,Caudelier,ncaudelierhq,tavv7hroa47,ncaudelierhq@bluehost.com,925-480-4705,611 Canary Road
640,Annie,Ollie,aolliehr,kwmtpo,aolliehr@patch.com,962-231-7088,625 Rutledge Street
641,Fairlie,Darlow,fdarlowhs,Km0fKj,fdarlowhs@cnbc.com,239-612-9765,0 Bay Park
642,Alyosha,Pargent,apargentht,TKNPoi,apargentht@blogs.com,205-603-5913,83305 Annamark Park
643,Juditha,Lownds,jlowndshu,huAzX5FGF,jlowndshu@sakura.ne.jp,731-771-2857,50850 Mosinee Plaza
644,Hubert,Cubuzzi,hcubuzzihv,eOUBKU,hcubuzzihv@ocn.ne.jp,506-541-9181,9 Thompson Park
645,Burlie,Hallgarth,bhallgarthhw,WGiFH49YQA,bhallgarthhw@homestead.com,747-323-5148,5688 Grasskamp Trail
646,Jo ann,Gianotti,jgianottihx,JsxibGD,jgianottihx@nytimes.com,714-553-7723,47 Manufacturers Court
647,Ginevra,Magwood,gmagwoodhy,cwviyuRvHBfr,gmagwoodhy@microsoft.com,427-682-5431,7175 Burning Wood Place
648,Jerrome,Deppen,jdeppenhz,QLlsYqa,jdeppenhz@1und1.de,712-682-8405,91 Colorado Avenue
649,Stafford,Tankard,stankardi0,WOBuooa66,stankardi0@weibo.com,220-677-8241,3 Pond Park
650,Clarissa,Crosskell,ccrosskelli1,FI89Cvg5,ccrosskelli1@bbb.org,145-308-4118,63 Bonner Pass
651,Louise,Rallin,lrallini2,QjSgSDar,lrallini2@bbb.org,925-834-5470,4 Graedel Court
652,Les,Soppett,lsoppetti3,TnzweJMBHV,lsoppetti3@nps.gov,253-276-8944,913 Sutherland Junction
653,Malinda,Warsap,mwarsapi4,5VYVRCDwnY,mwarsapi4@cbsnews.com,491-674-0900,0011 Toban Place
654,Cristen,Gatrell,cgatrelli5,uyXUoB,cgatrelli5@google.de,560-440-4258,03 Meadow Vale Avenue
655,Alvan,Eykel,aeykeli6,6hjIF1yWA,aeykeli6@nps.gov,412-455-9862,671 Katie Place
656,Ronnie,Marmon,rmarmoni7,YpwweM,rmarmoni7@biglobe.ne.jp,694-216-2193,98 Meadow Valley Junction
657,Lusa,Tremberth,ltremberthi8,jqF5H1SFR,ltremberthi8@flickr.com,611-820-8421,8640 Dunning Circle
658,Bamby,McGaffey,bmcgaffeyi9,PfSqNODnLg,bmcgaffeyi9@goodreads.com,738-302-1177,5693 Esch Crossing
659,Nat,Nussen,nnussenia,Si1Ll8do1,nnussenia@ucoz.ru,598-941-0749,29 Mayer Trail
660,Glori,Bolan,gbolanib,mfIp9XCQgyzI,gbolanib@scribd.com,502-843-3760,46289 Gulseth Junction
661,Corey,Ailward,cailwardic,qcR4lTUxwY4U,cailwardic@tmall.com,178-410-9814,4 Sugar Court
662,Angele,Da Costa,adacostaid,0seXaU,adacostaid@parallels.com,481-533-6028,1 Moland Court
663,Bibby,Hardes,bhardesie,FDV84CvNkU,bhardesie@tamu.edu,874-281-1169,556 Algoma Road
664,Verine,Laval,vlavalif,zIDx0GP4IIo,vlavalif@wix.com,658-561-7754,65364 Huxley Parkway
665,Julina,Strafen,jstrafenig,7wgnC5Y,jstrafenig@ft.com,486-391-0676,7335 Amoth Crossing
666,Rolfe,Karlowicz,rkarlowiczih,dUgurErzCw,rkarlowiczih@nytimes.com,931-142-5991,34340 Barnett Plaza
667,Gonzalo,Akess,gakessii,hSz1qt,gakessii@mapy.cz,463-247-2719,0 Rusk Terrace
668,Holt,Hof,hhofij,EIeFc0se6H,hhofij@soundcloud.com,180-166-5385,073 Fordem Avenue
669,Bradley,Temperton,btempertonik,RhC54M,btempertonik@over-blog.com,244-123-1055,94533 Homewood Terrace
670,Rita,Goding,rgodingil,Klm03m,rgodingil@wikipedia.org,787-638-6041,696 Springs Road
671,Flss,Twyning,ftwyningim,GOSg8PwN6jih,ftwyningim@wix.com,488-160-8436,04727 Gerald Way
672,Ignaz,Tollett,itollettin,jkLFxwTnBOsB,itollettin@businessinsider.com,341-482-1945,5 Hallows Court
673,Fernando,Ander,fanderio,jpmNjJbN,fanderio@storify.com,745-567-5549,47783 Melrose Parkway
674,Van,Mouan,vmouanip,0ebTi3SInDRF,vmouanip@1688.com,104-812-7659,89760 Arizona Road
675,Adriana,Dupey,adupeyiq,Xmmzgd5UmwA,adupeyiq@twitter.com,878-897-2452,3 Golf View Terrace
676,Ambrose,Bleakman,ableakmanir,PEBHIRe,ableakmanir@tripadvisor.com,925-365-3771,01 Ilene Terrace
677,Ronalda,Natt,rnattis,BEFhMPoyzru,rnattis@so-net.ne.jp,394-865-9732,81 Burrows Park
678,Margaretha,Hylden,mhyldenit,XyPlOTI7mvfI,mhyldenit@sphinn.com,934-263-3264,317 Nobel Hill
679,Krissie,Roussell,krousselliu,Kc32elz,krousselliu@wix.com,708-856-7048,0823 Arkansas Avenue
680,Stefanie,Oylett,soylettiv,MigmqOx,soylettiv@prlog.org,348-342-4904,862 Quincy Terrace
681,Clare,Tutin,ctutiniw,wXO8r1,ctutiniw@shutterfly.com,120-951-8009,37 Jenifer Trail
682,Noland,Bleby,nblebyix,w6EPVPikwUk,nblebyix@mlb.com,511-353-4499,974 Schurz Hill
683,Hamel,Cloonan,hcloonaniy,1hR304,hcloonaniy@chicagotribune.com,856-402-6756,15513 Kropf Alley
684,Lorilyn,Frangello,lfrangelloiz,vI1h718lg,lfrangelloiz@de.vu,232-377-3966,2 Hoepker Circle
685,Winnie,Joontjes,wjoontjesj0,kDF6dLpW,wjoontjesj0@soup.io,987-113-7131,6961 Bunker Hill Court
686,Johnette,Abbiss,jabbissj1,s42chfCrCJ,jabbissj1@ibm.com,684-898-8074,75179 Troy Trail
687,Ginger,Druery,gdrueryj2,wWsjzeD9Uu,gdrueryj2@hao123.com,999-344-2421,10 Sauthoff Crossing
688,Moritz,Marklew,mmarklewj3,4JWdDTvxle3,mmarklewj3@psu.edu,910-286-5092,659 Lakewood Lane
689,Horton,Leaming,hleamingj4,y0CAPoVmxiqt,hleamingj4@multiply.com,280-729-0176,527 Sycamore Center
690,Mariam,Rapin,mrapinj5,AMOq3G0Yb,mrapinj5@indiatimes.com,894-530-5720,15 Anderson Plaza
691,Junia,Crimin,jcriminj6,pQTUc4jSMf,jcriminj6@archive.org,323-894-2323,5915 Schmedeman Court
692,Karlotta,Gitthouse,kgitthousej7,hFJAoyxp,kgitthousej7@pagesperso-orange.fr,174-705-6783,5 Grasskamp Trail
693,Gael,Chaudrelle,gchaudrellej8,trNEAWb,gchaudrellej8@blogger.com,568-949-4972,1706 Crest Line Parkway
694,Gabriell,Coleiro,gcoleiroj9,E2PvIouWPL,gcoleiroj9@barnesandnoble.com,474-857-0826,755 Burning Wood Park
695,Laureen,Harlett,lharlettja,Gkgek4icbU,lharlettja@paypal.com,371-431-3699,24130 Valley Edge Terrace
696,Lauren,Brosoli,lbrosolijb,GGgSPDVqVIH,lbrosolijb@washington.edu,613-882-2158,7 Mifflin Crossing
697,Mikey,O'Lagen,molagenjc,lAZxYl,molagenjc@miibeian.gov.cn,325-742-1019,64918 Summerview Trail
698,Kikelia,Lewsey,klewseyjd,hrmOYdEL,klewseyjd@g.co,124-220-6888,89 Evergreen Court
699,Stuart,Pepi,spepije,TSkGeOC7vB,spepije@fda.gov,119-115-9242,6669 Pierstorff Pass
700,Karlis,Sommerville,ksommervillejf,5yaHlO,ksommervillejf@umn.edu,657-979-0290,5151 Rusk Way
701,Abigael,Turmell,aturmelljg,P3CtXev,aturmelljg@dailymotion.com,249-791-9978,9 Charing Cross Plaza
702,Alfons,Aubery,aauberyjh,V47hkLGA,aauberyjh@parallels.com,238-281-4833,56414 Transport Street
703,Clive,Troppmann,ctroppmannji,do3gnIqyuXU,ctroppmannji@networkadvertising.org,957-282-3706,9574 Melvin Point
704,Darline,Cockram,dcockramjj,icKnKzf,dcockramjj@mac.com,524-802-5446,48411 Elka Plaza
705,Nicholas,Pittman,npittmanjk,uLhUO3,npittmanjk@zdnet.com,173-650-8873,78811 Dahle Street
706,Xena,Fitzharris,xfitzharrisjl,9UO5PO375B9,xfitzharrisjl@redcross.org,445-150-8605,61 Meadow Valley Parkway
707,Dana,Snewin,dsnewinjm,3dho34H,dsnewinjm@tiny.cc,215-104-0444,9 Sutherland Pass
708,Dolph,Moncreiff,dmoncreiffjn,ZaPOTtyO5,dmoncreiffjn@latimes.com,973-183-8057,6553 Northview Pass
709,Lester,Gillyatt,lgillyattjo,Vbt4rv9fpv,lgillyattjo@surveymonkey.com,448-561-9243,79 Scott Drive
710,Aggy,Bamforth,abamforthjp,MKOHSwx1,abamforthjp@java.com,943-545-7567,29796 Sutteridge Hill
711,Leon,Anger,langerjq,R62Rlrnp3vA,langerjq@netscape.com,943-748-2634,07525 Kennedy Park
712,Koren,Bellwood,kbellwoodjr,Fe2vWV,kbellwoodjr@boston.com,577-757-3806,4168 Columbus Center
713,Laure,Cathersides,lcathersidesjs,RKTsWy,lcathersidesjs@amazon.co.jp,282-528-7098,81 Division Parkway
714,Hillary,Bagshawe,hbagshawejt,kK2b9di5i,hbagshawejt@marriott.com,925-165-3602,5474 Susan Court
715,David,Gokes,dgokesju,O4yMYQKKUuUu,dgokesju@npr.org,985-419-3394,3 Crest Line Parkway
716,Clement,Attew,cattewjv,gh721JwU5kZ9,cattewjv@unblog.fr,267-415-1721,56923 Brown Parkway
717,Debee,Wilks,dwilksjw,h5tF5LzJ0,dwilksjw@dion.ne.jp,618-398-9220,475 Gale Point
718,Ellary,Cordrey,ecordreyjx,i31Hz5J4D8b,ecordreyjx@a8.net,820-532-5766,4816 Kim Lane
719,Vicki,Dewi,vdewijy,XZaWSStbi7t,vdewijy@gravatar.com,484-561-5737,70024 Marcy Circle
720,Ulric,Berre,uberrejz,D9k28odx,uberrejz@seesaa.net,891-129-3432,19 Sundown Alley
721,Celia,De Bernardis,cdebernardisk0,vFJOMHlmy,cdebernardisk0@over-blog.com,797-228-2046,1857 Reindahl Center
722,Shaine,Havock,shavockk1,Hl4VKow,shavockk1@lulu.com,612-227-6118,1201 Anniversary Trail
723,Mommy,Hazeup,mhazeupk2,8ne3or6N7nW9,mhazeupk2@jimdo.com,338-559-8585,8 Elgar Circle
724,Nikolai,Cookley,ncookleyk3,ObTbtSws3NZ7,ncookleyk3@imageshack.us,523-853-6129,57 Lyons Park
725,Nicola,Pieter,npieterk4,XA6TEr,npieterk4@cam.ac.uk,955-126-8760,68 Hanson Way
726,Clemmy,Pettit,cpettitk5,zHU9f2Of,cpettitk5@prweb.com,753-341-9570,08794 Hollow Ridge Hill
727,Ansley,Jopp,ajoppk6,qgTVWKQjYQUI,ajoppk6@vistaprint.com,423-292-0524,32160 Hanson Alley
728,Idell,Conrad,iconradk7,phSreQHi40M,iconradk7@cyberchimps.com,700-626-5010,47187 Union Crossing
729,Yorke,Warbeys,ywarbeysk8,T8bBOpQi,ywarbeysk8@sohu.com,961-267-8395,55 Kingsford Avenue
730,Oralia,Fey,ofeyk9,DtlWkr,ofeyk9@cdc.gov,404-523-8819,5045 Heffernan Junction
731,Mark,Boeck,mboeckka,ZT1hNKNY7,mboeckka@wunderground.com,192-705-0830,2603 Fisk Crossing
732,Guntar,Tinto,gtintokb,0ocroiz2OXQ,gtintokb@ox.ac.uk,165-470-0507,99110 Lerdahl Way
733,Marsha,Scrowton,mscrowtonkc,BgmlYx,mscrowtonkc@sakura.ne.jp,815-778-0431,7247 Dorton Circle
734,Carly,Mantripp,cmantrippkd,lVqBiZpcIYAb,cmantrippkd@theglobeandmail.com,124-603-1509,0 Redwing Court
735,Kent,Tinson,ktinsonke,Cq7fVvK,ktinsonke@oaic.gov.au,586-458-7007,656 Sauthoff Pass
736,Callie,Katz,ckatzkf,Ebkahqp6,ckatzkf@jalbum.net,818-322-3130,38191 La Follette Lane
737,Ella,Spurdon,espurdonkg,gP8H0HOxkJoR,espurdonkg@prweb.com,625-348-1823,387 Paget Center
738,Lilias,Cavie,lcaviekh,MkYw8n,lcaviekh@psu.edu,892-249-6020,71894 Lake View Circle
739,Peterus,Chopy,pchopyki,eRM0Ww1VK,pchopyki@imgur.com,603-369-4810,6 1st Drive
740,Blayne,Atte-Stone,battestonekj,zBEekJ,battestonekj@purevolume.com,860-640-5986,4668 Mccormick Terrace
741,Carter,Carragher,ccarragherkk,aL2UQEj9ie,ccarragherkk@comsenz.com,659-753-3145,7 Springview Hill
742,Fifi,Hairon,fhaironkl,H443UE,fhaironkl@technorati.com,630-983-5681,28 Morrow Alley
743,Guthrie,Macias,gmaciaskm,7wcIAcXr,gmaciaskm@cyberchimps.com,345-169-9982,5937 Menomonie Park
744,Nickolas,Bilbery,nbilberykn,JjM4Ko4L4,nbilberykn@prlog.org,307-987-3235,8 Bunting Circle
745,Charmain,Whitham,cwhithamko,fL5VoGTuwn,cwhithamko@etsy.com,749-547-7702,5 Hazelcrest Court
746,Bondy,Kemery,bkemerykp,TROQB220aH,bkemerykp@scribd.com,867-738-0832,0 Trailsway Way
747,Remus,Vecard,rvecardkq,aCVwwm5Hn2G,rvecardkq@meetup.com,338-311-3436,02221 Hauk Terrace
748,Nanete,Bushell,nbushellkr,diCwtTazeVhq,nbushellkr@cbc.ca,268-835-7479,263 Hermina Hill
749,Hagan,Sayre,hsayreks,8cF8HhA2uE0x,hsayreks@multiply.com,912-455-1341,63 Debs Lane
750,Lindy,Stivens,lstivenskt,CSOYwph,lstivenskt@netvibes.com,762-712-0661,40154 Vermont Park
751,Catherin,Deakes,cdeakesku,meyfk1XF,cdeakesku@ow.ly,724-330-7604,62 Coleman Alley
752,Caitlin,Connechie,cconnechiekv,YP7vRJ,cconnechiekv@deviantart.com,313-468-3064,5 Mockingbird Parkway
753,Alford,Ghidoli,aghidolikw,kEX7Nq,aghidolikw@bing.com,716-370-9350,8896 Grasskamp Hill
754,Stanford,Chester,schesterkx,lj3IFC52,schesterkx@netscape.com,206-375-5344,43881 Shasta Street
755,Duffie,Massingberd,dmassingberdky,OpUUMA,dmassingberdky@dion.ne.jp,662-995-0366,7855 8th Parkway
756,Madeline,Mumford,mmumfordkz,DK9m9z,mmumfordkz@intel.com,226-428-2563,7230 Blue Bill Park Avenue
757,Mildrid,Kopfen,mkopfenl0,4fPRJt7,mkopfenl0@state.tx.us,404-417-7544,17 Surrey Pass
758,Port,Binding,pbindingl1,BQrNHICXbaij,pbindingl1@chicagotribune.com,809-919-2214,414 Di Loreto Center
759,Trever,Eginton,tegintonl2,ppw0D2t1Bl,tegintonl2@telegraph.co.uk,523-676-4904,979 Valley Edge Plaza
760,Pavia,McCullum,pmcculluml3,Cd5e0LjKXqir,pmcculluml3@about.com,759-268-1022,68205 Larry Road
761,Chickie,Tourner,ctournerl4,cKfhcnnNg0x,ctournerl4@cbslocal.com,420-174-1364,5 Norway Maple Alley
762,Paulita,Millis,pmillisl5,pRAjtLqV1lB,pmillisl5@salon.com,303-563-6003,713 Thompson Road
763,Hilde,Rottcher,hrottcherl6,RdU9iJQ5OYq,hrottcherl6@acquirethisname.com,847-832-1413,16 Marquette Place
764,Hildegarde,Winslet,hwinsletl7,b679qB,hwinsletl7@fc2.com,303-445-2669,55373 Calypso Road
765,Enrica,Duigan,eduiganl8,HyGDdr4X5Yx,eduiganl8@amazon.co.jp,105-424-6054,40547 Columbus Point
766,Sibyl,Esgate,sesgatel9,0Kdx7E,sesgatel9@ezinearticles.com,953-824-2422,3840 7th Junction
767,Moyra,Graves,mgravesla,od9YApL6,mgravesla@google.it,213-263-7466,4 Shasta Point
768,Norris,Warret,nwarretlb,14MfTMWlr,nwarretlb@mozilla.com,631-130-3071,684 Oxford Junction
769,Sigismond,Ivamy,sivamylc,5ByRYsXIiN,sivamylc@cargocollective.com,799-706-8539,9066 Gulseth Parkway
770,Tad,Lighton,tlightonld,hsoKjlbzJViK,tlightonld@infoseek.co.jp,408-955-2825,1851 Erie Trail
771,Carly,Streetley,cstreetleyle,7dBejMHaHuC,cstreetleyle@tumblr.com,228-508-7225,83286 Fremont Way
772,Wyatan,Heeron,wheeronlf,a22BW4oHbFv,wheeronlf@cdbaby.com,111-663-0269,94368 Algoma Center
773,Eleonora,Wickardt,ewickardtlg,e3Zgit7oI,ewickardtlg@de.vu,662-295-0096,5 Roxbury Hill
774,Sidoney,Gwynne,sgwynnelh,kL4buqFERUN,sgwynnelh@ameblo.jp,358-373-6320,9284 Becker Junction
775,Emlynne,Tuft,etuftli,ib9Cv2tUmS,etuftli@homestead.com,474-169-6243,4 Barnett Street
776,Avril,D'Errico,aderricolj,OZrbKbBhb,aderricolj@people.com.cn,868-420-6895,8486 Melvin Drive
777,Cherrita,Chatteris,cchatterislk,qvk9tfglwAH,cchatterislk@nymag.com,425-120-6378,941 Northridge Street
778,Ignatius,Weald,iwealdll,aWvkf52nUJ,iwealdll@toplist.cz,808-252-8675,59 Menomonie Circle
779,Annalee,Beton,abetonlm,MljM7QjowQ3H,abetonlm@rakuten.co.jp,843-745-8933,2579 Claremont Parkway
780,Claudia,Haddick,chaddickln,WeWWAuX5bln,chaddickln@goo.ne.jp,313-920-6556,0435 Reinke Center
781,Aimil,Alker,aalkerlo,PvcNko93,aalkerlo@ocn.ne.jp,315-360-5935,9022 Ilene Center
782,Clara,Worrall,cworralllp,YYKOLc,cworralllp@arstechnica.com,555-437-6584,96 Emmet Pass
783,Ilaire,Darycott,idarycottlq,kk8QhIx,idarycottlq@tinyurl.com,347-720-4759,35735 Vermont Avenue
784,Brennan,Agronski,bagronskilr,V14zmQMR,bagronskilr@about.com,410-292-1203,3055 Monterey Alley
785,Gherardo,Eckhard,geckhardls,J4v57iiuE,geckhardls@qq.com,349-882-6464,311 Prentice Point
786,Rodrique,Laudham,rlaudhamlt,4ckMjzxz6jQ,rlaudhamlt@wisc.edu,156-277-3689,0 Raven Point
787,Kip,Camble,kcamblelu,5gXgpC,kcamblelu@hc360.com,134-854-5894,81955 Mcguire Park
788,Janaye,Hagyard,jhagyardlv,iCk5ab,jhagyardlv@ow.ly,243-715-7286,052 Cottonwood Center
789,Clywd,Loffill,cloffilllw,EzLAxKt,cloffilllw@behance.net,257-735-6634,8784 Donald Road
790,Oren,Kubiczek,okubiczeklx,BA7oxXmLHP,okubiczeklx@nbcnews.com,257-290-8288,6363 Village Green Park
791,Stevy,Izen,sizenly,dQV5hS3k,sizenly@wikia.com,732-193-2760,1 Garrison Center
792,Marta,Riall,mrialllz,D0jtMkBH,mrialllz@biglobe.ne.jp,972-637-3394,02285 Harbort Crossing
793,Krissie,Balme,kbalmem0,UGKwJvY,kbalmem0@storify.com,729-399-0435,600 Barby Pass
794,Caspar,Bartens,cbartensm1,LVSvXIG2e,cbartensm1@wisc.edu,320-242-9301,69320 Burning Wood Drive
795,Hester,Carlow,hcarlowm2,fN4QLZ,hcarlowm2@google.co.jp,813-870-7666,7 Del Sol Parkway
796,Lyndsay,Bagnold,lbagnoldm3,90t4Mmt,lbagnoldm3@oakley.com,993-233-9642,744 Westridge Point
797,Bret,Berka,bberkam4,u6jFYEdZa,bberkam4@discuz.net,731-863-2525,80013 Bunting Plaza
798,Eziechiele,Hickeringill,ehickeringillm5,szAQqM0GN7G,ehickeringillm5@umich.edu,910-654-5119,9 Lunder Place
799,Artemus,Saul,asaulm6,eokVfFKWi,asaulm6@google.it,230-426-5817,59284 South Street
800,Ferrel,Stammirs,fstammirsm7,0x7nNL,fstammirsm7@umich.edu,377-822-0648,87880 Ludington Plaza
801,Englebert,Jago,ejagom8,qYlWlFzZO9s0,ejagom8@cocolog-nifty.com,761-651-2920,05940 Schlimgen Circle
802,Filippo,Matzeitis,fmatzeitism9,cVV3hHO,fmatzeitism9@bbb.org,657-930-3538,40 Arrowood Alley
803,Meggi,Harwell,mharwellma,ffROFZdVp,mharwellma@purevolume.com,849-492-8560,03379 Corscot Terrace
804,Nessa,Sandell,nsandellmb,iUpHjD4P,nsandellmb@soundcloud.com,915-980-3178,12 New Castle Lane
805,Jennilee,Moakes,jmoakesmc,hIy0mwvVRXS,jmoakesmc@cnbc.com,968-212-4204,174 Moulton Court
806,Erin,Cicchinelli,ecicchinellimd,gnz0JVEo,ecicchinellimd@huffingtonpost.com,812-227-7259,2011 Kropf Street
807,Monica,Boobyer,mboobyerme,xPeGkO2Zuzp,mboobyerme@odnoklassniki.ru,794-362-0944,948 Barnett Junction
808,Augie,Venus,avenusmf,Npblry9l,avenusmf@opera.com,520-830-1148,09 Glacier Hill Place
809,Dimitry,Jouhning,djouhningmg,twngNYWf,djouhningmg@aol.com,781-766-5389,4 Everett Circle
810,Neddy,Reedy,nreedymh,elG4dzMaRcF,nreedymh@sbwire.com,136-628-4497,369 Utah Parkway
811,Keelia,Poyntz,kpoyntzmi,41Q0k3Fgsne,kpoyntzmi@a8.net,571-874-3659,231 Service Circle
812,Oralia,Gianolini,ogianolinimj,ErEvHHYoi,ogianolinimj@reverbnation.com,929-880-9516,02710 Daystar Hill
813,Marquita,Paye,mpayemk,diuUkJ,mpayemk@paypal.com,991-496-9915,47 Mesta Hill
814,Wernher,Attewell,wattewellml,BkLbWbTyxft,wattewellml@is.gd,459-808-0811,40 Moulton Circle
815,Tucky,Crickett,tcrickettmm,MZCVUbc,tcrickettmm@mac.com,856-643-7447,7065 Holy Cross Park
816,Cinnamon,Osanne,cosannemn,G1px1wXM0LjA,cosannemn@4shared.com,575-631-2584,82930 Declaration Lane
817,Linn,Peachey,lpeacheymo,QCaPQBLg0U5,lpeacheymo@hao123.com,702-295-8306,81 North Crossing
818,Farly,L'Hommee,flhommeemp,4PqVN5,flhommeemp@pagesperso-orange.fr,334-541-6449,3 Manitowish Road
819,Betta,MacGuffog,bmacguffogmq,TTccbF,bmacguffogmq@ebay.co.uk,483-471-2647,7599 Kedzie Place
820,Perry,Oller,pollermr,3daxIe,pollermr@hc360.com,322-555-0079,29 Lunder Alley
821,Emlen,Schwaiger,eschwaigerms,M6i7EG,eschwaigerms@google.ca,391-853-7857,05 Merry Park
822,Gussi,Bonnyson,gbonnysonmt,6bkdahyqO2rq,gbonnysonmt@sun.com,371-438-9622,8117 Brickson Park Avenue
823,Tadeo,Blyth,tblythmu,JGizzpTReH,tblythmu@ning.com,455-716-8096,59 Homewood Pass
824,D'arcy,Bartoshevich,dbartoshevichmv,2C7vcg,dbartoshevichmv@forbes.com,954-758-1630,23 Myrtle Terrace
825,Herby,Milne,hmilnemw,YUKgRzmjibi,hmilnemw@elegantthemes.com,158-957-1758,0297 Morning Plaza
826,Olive,Jeanneau,ojeanneaumx,rNR6tj,ojeanneaumx@businesswire.com,433-964-1650,865 Jenna Plaza
827,Edvard,Dinsey,edinseymy,dhkG3g,edinseymy@360.cn,887-164-2394,5225 Towne Park
828,Morgen,Paniman,mpanimanmz,r2jKH7qgjL,mpanimanmz@europa.eu,883-174-5755,03 Gerald Drive
829,Nev,Redhole,nredholen0,LjK8lAJYgq,nredholen0@blogtalkradio.com,662-504-4359,023 Fieldstone Parkway
830,Eamon,Dabels,edabelsn1,yu6cpzsvdIx,edabelsn1@salon.com,162-772-6823,6 Lillian Street
831,Kennith,Brammall,kbrammalln2,gOxXQ6,kbrammalln2@shareasale.com,870-548-9577,84019 Duke Plaza
832,Justin,Yurygyn,jyurygynn3,6y2dga,jyurygynn3@wufoo.com,683-966-3686,26209 Mcguire Pass
833,Karylin,Croft,kcroftn4,1SsuizFzBKUm,kcroftn4@boston.com,483-284-2958,50739 Carey Parkway
834,Miguela,Ballchin,mballchinn5,4a1Z1Xc,mballchinn5@google.co.uk,205-187-7083,636 Cottonwood Hill
835,Grannie,Currall,gcurralln6,4n41Wapwxb,gcurralln6@4shared.com,876-282-9016,8 Montana Way
836,Talyah,MacNeish,tmacneishn7,YRVN9P86e,tmacneishn7@symantec.com,861-555-6188,694 Sunnyside Road
837,Ketty,Dugue,kduguen8,BwUP7X71TW,kduguen8@comsenz.com,196-904-3830,81 Manitowish Court
838,Courtnay,Henbury,chenburyn9,xXIyEy,chenburyn9@comcast.net,455-900-4741,944 Russell Alley
839,Tristam,Coventon,tcoventonna,fAy2Eq8e,tcoventonna@deliciousdays.com,576-204-2258,17 Meadow Vale Lane
840,Elmer,Cheltnam,echeltnamnb,5aM03g,echeltnamnb@desdev.cn,256-704-3163,07 Jay Parkway
841,Essa,Galsworthy,egalsworthync,kydh0GN,egalsworthync@soup.io,266-387-1706,9 Service Way
842,Jeffry,McEneny,jmcenenynd,CUqqBUF9,jmcenenynd@sfgate.com,210-419-4370,55 Garrison Alley
843,Wandie,Pott,wpottne,RRjlYDoX,wpottne@usa.gov,306-304-0616,11301 Prairie Rose Trail
844,Doralynne,McGilvra,dmcgilvranf,IXj6qR7dFG,dmcgilvranf@businessweek.com,231-679-5227,65506 Transport Parkway
845,Cyril,Stansby,cstansbyng,6vioY2EViu,cstansbyng@skyrock.com,856-687-2444,84 Lawn Court
846,Holli,Tomlinson,htomlinsonnh,HTdv5OwLUID,htomlinsonnh@zimbio.com,558-115-7467,42065 Village Green Point
847,Berne,Doumenc,bdoumencni,mPScY6F5xyl,bdoumencni@mediafire.com,794-183-7448,71 Straubel Road
848,Hilde,Slade,hsladenj,gywjUFGKzV,hsladenj@nsw.gov.au,871-117-2394,940 Banding Crossing
849,Heida,Jenkin,hjenkinnk,EvHJ3jGND85s,hjenkinnk@51.la,272-935-9481,78 Michigan Hill
850,Perry,Romans,promansnl,3xwq6312p,promansnl@amazon.com,926-290-6568,33 Becker Center
851,Janey,Shackleford,jshacklefordnm,NDacFcxp,jshacklefordnm@cargocollective.com,196-663-3104,482 East Court
852,Irena,Esp,iespnn,E2SBi6sxo,iespnn@1688.com,875-726-8609,8 Debra Pass
853,Ambur,McGivena,amcgivenano,vww9LT,amcgivenano@mit.edu,719-218-8224,482 Colorado Pass
854,Stacie,Lipprose,slipprosenp,Frm73soM,slipprosenp@seesaa.net,233-931-4487,030 Haas Trail
855,Noble,Krolak,nkrolaknq,GEoQxAuMJI,nkrolaknq@icio.us,816-149-6926,9736 Pankratz Circle
856,Sheila,Kingsford,skingsfordnr,LyFp3OG5Dy,skingsfordnr@phoca.cz,305-114-2223,8294 Melvin Park
857,Rodolfo,Ralton,rraltonns,MyAWtL,rraltonns@elpais.com,738-534-7387,26 Little Fleur Road
858,Wendell,Wollen,wwollennt,wG0M34j6mR1,wwollennt@ftc.gov,642-695-7601,1294 Birchwood Place
859,Bernhard,Margaritelli,bmargaritellinu,Ntu6S1,bmargaritellinu@goo.ne.jp,785-607-8295,78255 Stuart Way
860,Hill,Gomme,hgommenv,BtGltsiNmJV,hgommenv@google.it,691-607-3930,511 Mallory Circle
861,Ninnetta,Stallworthy,nstallworthynw,u4lt3hk,nstallworthynw@buzzfeed.com,491-912-7451,5 Bobwhite Plaza
862,Karola,Aiskrigg,kaiskriggnx,TzP0As,kaiskriggnx@godaddy.com,492-567-2594,3665 Harper Place
863,Karlen,Edgeworth,kedgeworthny,wkoNjvGt2,kedgeworthny@sakura.ne.jp,985-389-4395,934 Oak Valley Junction
864,Davita,Vittet,dvittetnz,gUUYLKp,dvittetnz@fotki.com,919-632-7217,9 Katie Place
865,Lindie,Faichnie,lfaichnieo0,c1DgWIIKsUsL,lfaichnieo0@wix.com,875-432-0727,67973 International Place
866,Augustine,Weld,aweldo1,tfpa9nPf,aweldo1@wordpress.com,608-961-3718,4000 Sauthoff Road
867,Agretha,Oades,aoadeso2,ooNniM7,aoadeso2@cpanel.net,861-663-2441,7535 Lawn Park
868,Packston,Learmont,plearmonto3,1cO966uI2,plearmonto3@aboutads.info,720-223-6745,4 Anderson Junction
869,Manda,June,mjuneo4,65kf0Evw1Ow,mjuneo4@apple.com,364-500-7438,5327 Sauthoff Junction
870,Germaine,Peasnone,gpeasnoneo5,qDRIvnDfz7c,gpeasnoneo5@vinaora.com,631-562-0100,8086 Claremont Terrace
871,Nona,Glison,nglisono6,uwx0sJggqgr,nglisono6@theatlantic.com,298-842-7736,14021 Rutledge Way
872,Fairlie,Kemer,fkemero7,jiriYDMtSu7r,fkemero7@com.com,244-572-5932,535 Schlimgen Lane
873,Crysta,Downs,cdownso8,cVYdVTrwk,cdownso8@yale.edu,344-845-5354,9834 Nova Lane
874,Robbert,Radborn,rradborno9,9BIDi5DKrVI,rradborno9@desdev.cn,715-498-8037,9399 Pond Avenue
875,Miltie,Carley,mcarleyoa,4nbZO2,mcarleyoa@ifeng.com,795-185-7050,15741 American Ash Hill
876,Alison,Lawn,alawnob,PIuI15hPK,alawnob@ucsd.edu,484-533-4213,1 Fallview Crossing
877,Lurlene,McNevin,lmcnevinoc,qJEAavhn9n6,lmcnevinoc@mediafire.com,507-520-5546,654 Esch Pass
878,Gustave,Burtenshaw,gburtenshawod,qgKjfqrP,gburtenshawod@sciencedaily.com,615-819-8196,823 Bayside Point
879,Renato,Sultan,rsultanoe,0IGft1TF8Pl,rsultanoe@hc360.com,110-501-6403,7665 David Avenue
880,Chester,Scarr,cscarrof,GDTceVoL,cscarrof@bravesites.com,826-778-7510,85 Roth Street
881,Berna,Livezley,blivezleyog,FL1tqui,blivezleyog@list-manage.com,377-652-9006,88 Nelson Street
882,Ermanno,Mahaddie,emahaddieoh,OdX3S0WacZ6,emahaddieoh@csmonitor.com,275-454-3242,5 Riverside Court
883,Geoffrey,Craydon,gcraydonoi,oWiXgijTGU,gcraydonoi@imgur.com,529-924-0660,5 Vidon Point
884,Donia,Laight,dlaightoj,cVGilDmcZ,dlaightoj@w3.org,402-256-5269,3 Springview Pass
885,Kania,Bolzen,kbolzenok,pPgAd63TV0,kbolzenok@live.com,856-433-1391,837 Thackeray Trail
886,Sterling,Gonneau,sgonneauol,PCqGOIei,sgonneauol@multiply.com,907-670-9489,9213 Kinsman Road
887,Bessie,Deniscke,bdenisckeom,nsVuKeqYiSrb,bdenisckeom@ted.com,143-877-7379,1 Merchant Crossing
888,Tilda,Fairy,tfairyon,lUhEu3l0wZ,tfairyon@wordpress.org,745-736-4826,99283 Dryden Pass
889,Rinaldo,D'Antonio,rdantoniooo,6cMIdWAWZ,rdantoniooo@nydailynews.com,465-828-8249,64175 Rieder Place
890,Patsy,Rapa,prapaop,7Wo2ehuH8,prapaop@51.la,360-292-3835,62547 Quincy Street
891,Didi,Lifsey,dlifseyoq,aggXXYzO7,dlifseyoq@latimes.com,894-338-9457,9 Buell Junction
892,Jewelle,Tunnah,jtunnahor,n1JlrRtjY,jtunnahor@slashdot.org,585-215-8772,0 Kipling Pass
893,Grady,Chipps,gchippsos,iNXnn2MAnj,gchippsos@com.com,898-524-3662,9240 Nova Alley
894,Emmet,Palister,epalisterot,SkeND2Fg,epalisterot@nba.com,973-584-4983,38 Columbus Plaza
895,Paxton,Dockerty,pdockertyou,MUTRlu2z,pdockertyou@gov.uk,658-684-3215,237 Crownhardt Drive
896,Yoshiko,Alves,yalvesov,L86Flk,yalvesov@shop-pro.jp,453-125-4073,7899 Buell Road
897,Marcela,Balmadier,mbalmadierow,cFGIE1aIo4p,mbalmadierow@webnode.com,712-432-6923,0 Gerald Court
898,Sophey,Matzl,smatzlox,IjHGHXG2,smatzlox@slideshare.net,502-343-7452,75562 Rusk Avenue
899,Carmon,Bertlin,cbertlinoy,mdlsOXea,cbertlinoy@chicagotribune.com,488-436-0143,91385 Katie Lane
900,Lotti,Marcam,lmarcamoz,ZxWavJhyz3,lmarcamoz@sciencedaily.com,388-175-6356,9793 Northridge Parkway
901,Papagena,Haburne,phaburnep0,pOVAeYAkc,phaburnep0@livejournal.com,771-958-1637,56 Kensington Street
902,Harlie,Oxlade,hoxladep1,u32UVBeDemPi,hoxladep1@domainmarket.com,839-267-0101,34 Cody Point
903,Arley,Hubner,ahubnerp2,h2PnHj,ahubnerp2@naver.com,340-339-0999,25145 Northland Court
904,Meridel,Wastall,mwastallp3,NSFeRB1xiW,mwastallp3@google.com.br,618-972-7398,468 Forest Dale Point
905,Raddy,Croley,rcroleyp4,VKdLlLTSPBi,rcroleyp4@arizona.edu,368-476-7864,2540 Crowley Lane
906,Jorey,Wernham,jwernhamp5,ZHdzSC1PIfJV,jwernhamp5@mit.edu,990-848-4741,9573 Corscot Lane
907,Winna,Sollas,wsollasp6,EHdhBt8tbM,wsollasp6@ft.com,911-125-4324,45 Green Ridge Lane
908,Cyb,Belliveau,cbelliveaup7,Jlnl0u,cbelliveaup7@godaddy.com,303-877-7093,1 Gale Plaza
909,Caren,Brimm,cbrimmp8,O4iiUOko13,cbrimmp8@discovery.com,235-845-9496,146 Corscot Court
910,Rosette,Paudin,rpaudinp9,cvBEcJErQ,rpaudinp9@mlb.com,594-468-1477,76 Stephen Plaza
911,Moll,Skettles,mskettlespa,aPW8kw4W,mskettlespa@flickr.com,558-438-9832,1 Acker Crossing
912,Flore,Douberday,fdouberdaypb,Matp7ucDtlU,fdouberdaypb@alexa.com,590-233-8422,6727 Village Green Drive
913,Euell,Catley,ecatleypc,usGJZbA8Z,ecatleypc@narod.ru,201-874-4713,3 Hazelcrest Alley
914,Adrianna,Laphorn,alaphornpd,x7D2XVl9SfB,alaphornpd@dot.gov,540-844-8420,236 Stone Corner Plaza
915,Deanne,Escala,descalape,DEAOIyS,descalape@hao123.com,147-510-8401,2 Pennsylvania Avenue
916,Edin,Rysom,erysompf,4cBznbXXfM47,erysompf@reference.com,697-272-0489,89 Londonderry Street
917,Shir,Humphries,shumphriespg,2S9b2AOB,shumphriespg@cam.ac.uk,916-872-0622,05851 Emmet Point
918,Devan,Faivre,dfaivreph,5YCee9wku,dfaivreph@phpbb.com,157-995-2902,337 Holmberg Trail
919,Meyer,Bliven,mblivenpi,giH5hl2iM8hp,mblivenpi@sciencedaily.com,555-642-6386,79 Fieldstone Road
920,Mollie,Litster,mlitsterpj,7F1CrOXAVqX,mlitsterpj@ftc.gov,438-802-9407,028 Kingsford Avenue
921,Chaim,Lesek,clesekpk,faXCVpU0j,clesekpk@cloudflare.com,909-185-7912,940 Waubesa Park
922,Winny,Maudett,wmaudettpl,pVdS2Ot,wmaudettpl@geocities.com,494-482-2740,3 Anniversary Road
923,Findley,Cannan,fcannanpm,K3ZXTowd,fcannanpm@unicef.org,933-707-0953,7 Lakeland Street
924,Buiron,Djurevic,bdjurevicpn,IkGMhRJRo,bdjurevicpn@mapquest.com,458-111-1591,517 Fieldstone Circle
925,Harper,Panichelli,hpanichellipo,wEl7nH9,hpanichellipo@eepurl.com,765-640-6410,57 Utah Plaza
926,Ced,Radcliffe,cradcliffepp,9Bfubv75u,cradcliffepp@aboutads.info,579-577-5953,535 Parkside Way
927,Andra,Stead,asteadpq,g89K0Sxp,asteadpq@nps.gov,512-174-1696,9 Sunfield Lane
928,Onfre,Guyer,oguyerpr,56wvaYsVUg3,oguyerpr@blogspot.com,554-549-8014,49830 Crescent Oaks Crossing
929,Dede,Scading,dscadingps,DfchIVT,dscadingps@furl.net,370-941-9132,9027 Bunting Court
930,Gabrielle,Salasar,gsalasarpt,d53UP6,gsalasarpt@dailymotion.com,245-257-1220,4 Transport Pass
931,Katie,Ebbin,kebbinpu,eHa96tDI1Zm,kebbinpu@unblog.fr,817-457-8106,4636 Bartelt Drive
932,Aldus,Windeatt,awindeattpv,ax78k98WK2s,awindeattpv@uiuc.edu,818-330-9787,18033 Mandrake Trail
933,Madelin,Sharrier,msharrierpw,VZin8dg5HU,msharrierpw@cisco.com,591-656-3391,12319 Lawn Parkway
934,Maegan,Schuster,mschusterpx,mhI6CX10,mschusterpx@cornell.edu,173-218-8856,9 Spaight Junction
935,Tabbie,Pybus,tpybuspy,IbJ3AL3y,tpybuspy@xinhuanet.com,562-357-7195,9940 Manley Trail
936,Pembroke,Cottier,pcottierpz,ooeSGOf4,pcottierpz@msu.edu,296-399-0535,4 Chive Court
937,Alon,McGillivray,amcgillivrayq0,cHOgNEB,amcgillivrayq0@cam.ac.uk,709-812-5988,0 Johnson Drive
938,Gunar,Chanson,gchansonq1,i5fy4q,gchansonq1@arstechnica.com,477-913-4874,49983 Derek Plaza
939,Cammi,Pedracci,cpedracciq2,blhD0W80IvS,cpedracciq2@home.pl,279-762-8603,26067 Towne Junction
940,Eberto,Moohan,emoohanq3,MYWshMQjb7C,emoohanq3@prlog.org,729-408-9504,0 Meadow Valley Hill
941,Lise,MacDavitt,lmacdavittq4,fkggxV,lmacdavittq4@webmd.com,505-129-4600,51614 Hollow Ridge Crossing
942,Obed,Girvin,ogirvinq5,kdgeyEFuh5y,ogirvinq5@seesaa.net,707-470-4652,02025 Moulton Avenue
943,Bay,Rodder,brodderq6,pMvdzj,brodderq6@weather.com,928-359-7742,42 Loftsgordon Avenue
944,Silvana,Swalteridge,sswalteridgeq7,6LlQK1O9w,sswalteridgeq7@omniture.com,509-970-4817,1 Hermina Hill
945,Licha,Crebott,lcrebottq8,MXTt4Ay8S,lcrebottq8@independent.co.uk,723-543-6868,3 Old Shore Avenue
946,Winston,Pitt,wpittq9,B0sMelCz8l16,wpittq9@booking.com,701-984-7793,61410 Butterfield Junction
947,Oberon,Pouck,opouckqa,NwrzxQtal1mf,opouckqa@walmart.com,955-945-9764,177 Debra Park
948,Rodd,Ciciura,rciciuraqb,O33C0IqTl6Po,rciciuraqb@theatlantic.com,602-657-5613,2943 Grayhawk Park
949,Skippie,Shiliton,sshilitonqc,4qKKyUMLrCK,sshilitonqc@forbes.com,443-815-8765,44340 Columbus Center
950,Kalvin,Tunkin,ktunkinqd,ZC5vcWPK8s,ktunkinqd@fda.gov,417-237-5787,57 Summerview Trail
951,Adrianne,Tamblingson,atamblingsonqe,tHEjhcms,atamblingsonqe@washington.edu,982-877-7764,3 Kim Road
952,Kelbee,Sawbridge,ksawbridgeqf,uQzBf0RZ,ksawbridgeqf@wix.com,278-339-2163,2667 Hovde Way
953,Georgi,Pawlata,gpawlataqg,muyYa8QciPB,gpawlataqg@free.fr,959-839-0539,1134 Kings Street
954,Alasteir,Ricca,ariccaqh,zi1IH5I,ariccaqh@wp.com,599-496-8208,26661 Quincy Center
955,Norma,Dennehy,ndennehyqi,I3qDk77,ndennehyqi@yale.edu,594-518-0421,604 Dakota Pass
956,Beaufort,Lawlings,blawlingsqj,Hqn1MK1Avi2,blawlingsqj@springer.com,935-707-3088,40759 Hoffman Plaza
957,Dallas,Lainge,dlaingeqk,V5OBp53V,dlaingeqk@arstechnica.com,837-153-1397,8 Ludington Crossing
958,Giacopo,Boskell,gboskellql,j2PmBth0Erk,gboskellql@blogs.com,559-470-2413,88 Badeau Place
959,Drucy,Fozzard,dfozzardqm,ipZhpOvO9uF,dfozzardqm@unesco.org,389-897-4611,06 Green Ridge Junction
960,Ebony,Rawnsley,erawnsleyqn,PlkjLldClQ,erawnsleyqn@wordpress.com,723-755-2091,059 Carey Junction
961,Lenette,Simoneton,lsimonetonqo,cg3hqquCRt,lsimonetonqo@merriam-webster.com,633-235-8934,525 Anthes Junction
962,Christophorus,Brounsell,cbrounsellqp,QNRntsNE,cbrounsellqp@wikia.com,484-527-1488,87957 Starling Road
963,Marijn,Braisted,mbraistedqq,PyIA5Mt,mbraistedqq@mlb.com,453-436-8149,4 Washington Way
964,Melania,Stimpson,mstimpsonqr,RSqcncrnmKyB,mstimpsonqr@people.com.cn,298-562-3404,9176 Walton Junction
965,Pietrek,Kift,pkiftqs,mokJpZ8k8xJN,pkiftqs@dailymail.co.uk,935-609-1919,1 Hanson Junction
966,Avery,Suff,asuffqt,TNJNcD,asuffqt@accuweather.com,920-382-9922,39 Warbler Parkway
967,Obadias,Hanbidge,ohanbidgequ,D731dtlr9tJG,ohanbidgequ@mit.edu,745-842-9179,80833 Holmberg Terrace
968,Grier,MacGorley,gmacgorleyqv,HGyZfS5R,gmacgorleyqv@archive.org,683-392-2250,1795 Stone Corner Plaza
969,Katha,Slocom,kslocomqw,EvunQhG,kslocomqw@state.tx.us,801-930-0609,99 Redwing Circle
970,Trisha,Wison,twisonqx,EtGYuJ,twisonqx@psu.edu,140-210-6796,457 Banding Crossing
971,Silvano,Decaze,sdecazeqy,ufFanHo,sdecazeqy@microsoft.com,614-718-0628,6 Esch Pass
972,Werner,Staden,wstadenqz,igXiPK0,wstadenqz@scientificamerican.com,782-521-0804,8601 Eliot Trail
973,Delphinia,Dominichelli,ddominichellir0,yg2M60,ddominichellir0@google.ru,559-711-3070,086 Raven Drive
974,Heindrick,Bleckly,hblecklyr1,fmKbeF,hblecklyr1@cmu.edu,510-858-1814,921 Nancy Crossing
975,Leonardo,Studdeard,lstuddeardr2,lzyx3v,lstuddeardr2@printfriendly.com,471-978-0187,971 Montana Lane
976,Helaine,Knotte,hknotter3,76cz9Lhhbt,hknotter3@etsy.com,105-833-0420,6 Park Meadow Hill
977,Gilberte,Storm,gstormr4,Ijccdt6tv,gstormr4@marriott.com,551-216-0882,51927 Welch Center
978,Adair,Lampard,alampardr5,zJ60nevPbSu,alampardr5@ibm.com,915-221-0282,966 School Center
979,Morey,Camies,mcamiesr6,MDs8aVrJpRG,mcamiesr6@opera.com,591-113-1545,52652 Stang Place
980,Tobey,Kent,tkentr7,pw9ArO1,tkentr7@state.tx.us,455-538-8591,7 Shopko Alley
981,Nicholle,Corkhill,ncorkhillr8,grasxX8i0,ncorkhillr8@creativecommons.org,124-662-4373,864 Leroy Avenue
982,Vinny,Baglin,vbaglinr9,uwOWzP,vbaglinr9@weebly.com,425-345-2898,477 Artisan Hill
983,Ramona,Bedenham,rbedenhamra,8vmsDzmOb,rbedenhamra@berkeley.edu,457-921-8445,2 Spaight Parkway
984,Kimberlee,Glasser,kglasserrb,WmgDg5dkTxcd,kglasserrb@topsy.com,598-833-6845,2962 Rusk Junction
985,Shanta,Ings,singsrc,1Poe4e,singsrc@google.com,276-746-8076,11 Reinke Pass
986,Frankie,Newlands,fnewlandsrd,y6Fc0ZFoft,fnewlandsrd@cdc.gov,681-678-1160,374 Glendale Plaza
987,Garrik,Joret,gjoretre,xPODdfew3,gjoretre@weather.com,379-659-5994,7574 Bashford Trail
988,Dee dee,Lightbourne,dlightbournerf,C0JHsXBs1,dlightbournerf@google.com,800-580-6057,251 Nelson Way
989,Aline,Norgan,anorganrg,bLHMdPXRn,anorganrg@com.com,524-439-5137,28 Hayes Alley
990,Aline,Puddle,apuddlerh,HeX8J3M1S,apuddlerh@howstuffworks.com,730-143-0797,151 Burning Wood Road
991,Raeann,Collard,rcollardri,uqioyLm,rcollardri@boston.com,384-568-0620,12643 Hallows Way
992,Victoir,D'Aeth,vdaethrj,VEhMxEas,vdaethrj@bandcamp.com,648-925-4531,0 Vahlen Center
993,Chloe,Lerway,clerwayrk,arxbPfez1,clerwayrk@fda.gov,244-824-4750,05148 2nd Plaza
994,Kasey,Ferreras,kferrerasrl,wIJoxRDb,kferrerasrl@reverbnation.com,250-956-7849,35 Schlimgen Road
995,Marieann,Skelding,mskeldingrm,m6GG6Z,mskeldingrm@vistaprint.com,314-777-0461,8 Hagan Place
996,Catherina,Fallowfield,cfallowfieldrn,l1S3nB,cfallowfieldrn@unblog.fr,798-197-3174,77 Lake View Circle
997,Paquito,Hebbron,phebbronro,X3SDPx4,phebbronro@cam.ac.uk,789-259-9244,9 Commercial Crossing
998,Ginni,Orneles,gornelesrp,QN50lpyWmq,gornelesrp@disqus.com,367-264-2191,31713 Waywood Lane
999,Holden,Blincow,hblincowrq,kjp8RV,hblincowrq@state.tx.us,319-184-3143,894 Upham Avenue
1000,Theressa,Warry,twarryrr,gtIePT,twarryrr@soup.io,623-980-5842,4 Messerschmidt Alley
