id,first_name,last_name,username,password,email,phone,address,city,postal_code,country
1,Emalee,Mattosoff,emattosoff0,UqaUvaCKQ,emattosoff0@boston.com,+46 (787) 172-1550,92 Dryden Plaza,Västerås,722 44,Sweden
2,Catina,Matts,cmatts1,1YdpHhFU4f,cmatts1@domainmarket.com,+44 (244) 674-0951,2313 Lawn Circle,Milton,NG22,United Kingdom
3,Alysa,Hurcombe,ahurcombe2,pQcox2DgF3Mi,ahurcombe2@dailymotion.com,+54 (452) 599-9692,55600 Arrowood Circle,Allen,8328,Argentina
4,Gratiana,Marrison,gmarrison3,xYNpIBBfU,gmarrison3@com.com,+33 (148) 750-6929,9 Golf View Street,Guingamp,22204 CEDEX,France
5,Kermit,Forri,kforri4,S05QujWleX5C,kforri4@illinois.edu,+1 (703) 325-9022,62479 Havey Plaza,Alexandria,22301,United States
6,Bryon,Kemmett,bkemmett5,QmCLTFrhf,bkemmett5@ycombinator.com,+33 (350) 435-5095,81454 Petterle Junction,Avignon,84072 CEDEX 4,France
7,Barde,McEwan,bmcewan6,6uozUBT,bmcewan6@odnoklassniki.ru,+33 (613) 615-0485,6313 School Avenue,Paris 15,75729 CEDEX 15,France
8,Winona,Gilham,wgilham7,YSmqwod56,wgilham7@unesco.org,+54 (554) 802-0332,7 Lindbergh Hill,Rada Tilly,9001,Argentina
9,Charlotte,Howlett,chowlett8,WpDl1OY1iDOv,chowlett8@toplist.cz,+54 (671) 124-0102,9241 Hayes Pass,Famaillá,4132,Argentina
10,Wit,Dungate,wdungate9,6q9ZY4aORw,wdungate9@ustream.tv,+33 (958) 746-9645,64936 Lakewood Hill,Cluses,74304 CEDEX,France
